ID,First_Name,Last_Name,State,Five_Star_Reviews,Four_Star_Reviews,Three_Star_Reviews,Two_Star_Reviews,One_Star_Reviews
626661,Amanda,Anthony,Delaware,44,90,89,6,25
658606,Luke,Lauren,North Dakota,43,13,40,39,41
165790,Gabriel,Mike,Massachusetts,85,95,23,81,18
412206,Stephen,Michael,Colorado,17,11,83,96,41
532337,Cynthia,Jeffrey,New York,66,71,92,44,49
844261,Lisa,Robert,Ohio,54,15,58,65,40
444230,Dakota,Christina,Massachusetts,46,86,61,28,89
835291,Wesley,Robert,New Mexico,58,97,68,42,51
272602,Matthew,Louis,Ohio,92,55,1,55,30
817386,Robert,Emily,Montana,17,92,97,5,15
184639,Sharon,Misty,Arizona,50,38,70,38,14
489073,Alejandro,Kathleen,Illinois,93,92,43,46,1
519018,Laura,Michael,Nevada,45,15,11,3,40
139520,Patrick,Kevin,Kentucky,28,9,61,67,61
145978,Brian,Jamie,Utah,32,43,83,66,42
591068,Tracey,Philip,Alabama,17,71,39,7,64
705644,Todd,Joshua,Nevada,56,48,58,57,71
326998,Michael,Jack,Minnesota,11,48,53,75,11
460267,Crystal,Antonio,New Jersey,4,44,85,76,9
108585,Timothy,Alan,Missouri,88,20,92,15,35
808191,Nathan,Janice,Utah,13,38,35,86,18
492872,William,Mark,Colorado,13,25,50,37,75
216124,Chris,Daniel,Hawaii,98,71,95,86,27
584753,Jeffrey,John,Wisconsin,31,9,39,55,46
478047,Frank,David,Tennessee,100,28,91,64,44
799899,James,Raymond,Vermont,63,17,71,26,40
874457,Daniel,Katelyn,North Dakota,7,23,21,12,3
620251,Ryan,Jose,Colorado,92,67,30,52,28
180146,Kevin,Christopher,New Hampshire,27,51,45,15,21
563366,John,Kaitlyn,Mississippi,97,12,83,94,67
653605,Ana,Rose,Arkansas,21,46,41,67,84
745789,Yvette,Daisy,Washington,8,64,11,64,3
761157,John,Travis,Connecticut,8,81,17,68,68
579382,Stephanie,Bonnie,Washington,77,75,21,14,19
247045,John,David,New Mexico,4,48,28,96,32
152585,Danny,Matthew,New Jersey,17,33,48,26,3
891292,Justin,Leslie,Maryland,48,80,62,65,59
207786,Justin,Dustin,Georgia,93,20,29,68,16
383952,Sheila,Sarah,Louisiana,60,100,99,25,17
895637,Larry,Nicole,Idaho,5,78,47,47,73
461075,Christine,Stephanie,Maine,55,96,24,56,78
587253,Paul,Anthony,Texas,21,97,41,19,43
283535,Teresa,Ethan,North Dakota,77,19,66,45,90
431743,Michael,Craig,Rhode Island,71,25,28,36,12
219029,Deborah,John,Indiana,60,54,55,50,100
860544,Diana,Kelli,Maryland,24,5,95,75,24
626390,Tara,Donna,Maryland,14,65,79,66,95
587034,Tamara,Laura,Oregon,61,70,27,51,3
885657,Samuel,Steven,Alabama,38,82,49,9,68
750919,Megan,Martin,Kentucky,37,49,80,74,84
715658,Louis,Willie,Washington,6,80,2,69,4
761802,Nathan,Kayla,Georgia,95,58,10,39,79
192597,Jennifer,Jennifer,South Dakota,78,56,69,36,97
680386,Jeanette,Denise,Missouri,10,20,6,75,43
478627,Albert,Audrey,Kansas,52,83,25,33,76
663033,Nancy,Roger,Mississippi,8,43,23,9,33
870072,Jade,Donald,Wisconsin,52,89,15,17,48
543103,Alexis,Kayla,Nebraska,45,44,88,46,80
763289,Carla,Anthony,Virginia,53,52,14,21,87
363848,Amanda,Victoria,Oregon,17,17,24,28,34
757349,Emily,Lisa,New Hampshire,60,12,84,76,45
162823,Cassandra,Christina,West Virginia,87,82,61,57,6
403662,Heidi,William,Massachusetts,96,16,87,79,49
495215,Daniel,Lisa,Washington,20,40,2,38,80
175518,Kimberly,Steven,North Carolina,59,70,11,61,67
581301,Pamela,Pamela,Connecticut,25,83,62,23,75
839580,Steven,John,Vermont,50,30,87,75,95
867293,Brandon,Nicole,Texas,31,45,33,51,80
422012,Kathryn,Brandy,Arkansas,7,84,71,76,88
305289,Kevin,Denise,New Mexico,42,99,70,64,85
898137,Tina,Stuart,Montana,19,33,87,60,97
208952,Krista,Wendy,Maine,34,91,77,63,20
536496,Gerald,Jamie,West Virginia,87,44,85,99,22
304245,William,Rachel,Utah,23,67,68,61,28
183380,Emily,Debbie,Vermont,52,34,88,43,54
812835,Erin,Ashley,Georgia,18,86,92,65,35
272421,Jose,Randy,Vermont,26,54,64,50,53
151151,Sara,Jane,Texas,35,13,50,22,44
685079,Kelly,Victoria,Mississippi,72,4,55,97,73
614776,Joel,Jonathan,Illinois,86,76,87,51,90
294802,Timothy,Nicholas,South Dakota,15,1,98,69,57
111347,Christine,Johnathan,South Dakota,88,23,91,54,82
519372,Robert,Allison,Arkansas,66,33,6,52,83
255180,Kelly,George,Rhode Island,62,65,75,26,68
764749,Shannon,Emma,Mississippi,35,13,31,33,4
767483,Cynthia,Timothy,Louisiana,86,80,41,65,87
823332,Cristian,Ryan,Nebraska,73,81,20,89,54
591105,Joy,Gregory,Wisconsin,4,94,53,20,46
259909,Mike,Summer,New York,29,96,58,95,7
736036,James,Michael,Alabama,4,1,84,58,58
306439,Brooke,Martin,Maine,55,89,87,81,13
491415,Kayla,Sandra,New Jersey,83,70,98,43,31
525001,Brianna,Christopher,Nevada,73,27,78,22,16
519038,Allison,Francisco,Louisiana,97,60,64,4,23
213122,Stephanie,Robert,Louisiana,63,67,30,10,8
785238,Angela,Samantha,California,44,99,61,18,47
410240,Joshua,Michael,Michigan,9,88,79,76,6
786946,Mark,Autumn,Iowa,20,68,41,55,67
257620,Victoria,Elizabeth,Alaska,1,72,56,46,46
731112,Kendra,Evelyn,Vermont,73,76,67,75,63
571447,Chelsey,Lisa,Wyoming,37,21,36,84,85
554656,James,Richard,North Dakota,85,96,5,37,98
406801,James,Susan,Connecticut,2,98,6,14,45
648646,Madeline,Austin,Idaho,8,17,28,22,25
316808,Latoya,Amanda,Alabama,92,41,53,31,43
642629,Cheryl,Samantha,West Virginia,4,48,31,45,26
598534,Nancy,Frank,Hawaii,48,60,98,2,18
206759,William,Robert,Vermont,80,60,79,56,68
143130,Ashley,Robert,Maine,60,65,39,80,68
273840,Jon,Teresa,South Carolina,82,72,42,43,7
855258,Elizabeth,Anthony,Nebraska,68,11,3,92,72
533828,Maurice,Chelsea,Oregon,98,92,63,18,8
580155,Cathy,Phillip,Delaware,35,39,9,1,48
373570,Benjamin,Gregg,Texas,39,76,31,80,26
729152,Seth,Ashley,Nebraska,96,81,36,14,2
445983,Brady,Melissa,Hawaii,38,86,85,50,60
349988,Jeffrey,Kenneth,Colorado,4,54,68,58,27
483612,Sylvia,James,New Mexico,88,94,73,17,39
814313,Diane,Tina,Hawaii,2,57,90,49,39
626762,Daniel,Nicholas,Iowa,15,82,27,83,93
711127,Cindy,Brandon,Washington,84,47,52,24,70
428082,Steven,Daniel,Indiana,14,1,92,33,8
792187,Jonathan,Matthew,Washington,29,70,54,16,96
587174,Ricky,Robert,Utah,37,86,85,47,33
714608,Emily,Brian,Montana,90,98,12,25,53
537762,Aaron,Lisa,Wisconsin,58,3,31,29,18
471445,Tamara,Michael,Tennessee,41,78,93,59,27
577512,Melissa,Robert,Washington,45,73,72,68,46
226172,Amanda,Shirley,Wyoming,62,16,54,58,16
742577,David,Alyssa,Iowa,59,75,30,13,79
707740,Mitchell,Chelsea,Maine,10,43,1,75,12
343874,Robert,Todd,Iowa,88,60,21,88,54
239770,Theresa,Karen,Indiana,80,78,5,49,76
683180,Derrick,Justin,Wyoming,30,98,44,71,14
508877,Donna,Kim,West Virginia,24,21,86,95,46
352825,Ashley,Julie,Washington,32,86,22,92,14
444241,Christopher,Jennifer,Maryland,61,69,48,14,76
843117,Anthony,Ryan,Missouri,68,27,49,74,59
607351,Mindy,Daniel,California,53,17,91,3,89
584343,Denise,Charles,Georgia,26,74,56,65,51
247237,Abigail,Alexis,North Carolina,7,71,29,61,95
835775,Adam,Thomas,Arkansas,44,73,35,6,98
741982,Kristin,Jason,Oklahoma,78,14,64,96,37
398008,Grant,William,Massachusetts,98,99,22,82,52
273110,Jon,Elizabeth,New Jersey,89,16,35,51,38
115824,Victoria,Jane,Oklahoma,33,86,5,70,49
351359,Michael,Sierra,Illinois,15,84,49,23,69
881772,Megan,Elizabeth,Massachusetts,32,87,84,80,86
530639,Marcus,Victoria,New Jersey,27,51,45,12,60
733317,Paul,Emma,Nevada,68,43,73,46,50
538719,Amy,Andrew,Colorado,15,8,95,39,41
180216,Kenneth,Blake,Mississippi,55,87,18,95,2
114745,Amanda,Mark,Kentucky,94,38,82,96,3
208271,Michael,Jeffery,Washington,48,20,61,10,60
225465,Deanna,Randy,West Virginia,26,70,24,69,97
708464,Amanda,Jared,Idaho,34,17,2,49,71
792562,John,James,West Virginia,85,55,10,100,23
324797,Stephen,Natalie,Mississippi,30,89,58,79,40
422725,Roberto,John,South Dakota,78,46,88,59,18
753023,Mary,Lori,Wyoming,69,83,12,9,27
637367,Brooke,Tina,Connecticut,29,62,11,11,12
143505,Adam,Anthony,South Carolina,59,40,31,85,68
545505,Gregory,Stephanie,Ohio,66,71,81,34,53
154612,Carolyn,Jamie,Delaware,64,98,69,45,27
445620,Samantha,Amber,Louisiana,21,66,82,1,91
427573,Allen,Tiffany,Alabama,78,45,14,72,74
667148,Brian,David,Arkansas,25,4,88,82,69
765939,Candace,David,New Mexico,45,34,51,6,82
744037,James,Raymond,Minnesota,9,30,92,62,100
581106,Margaret,Jennifer,Arkansas,78,88,57,10,79
439937,Clarence,Brittany,Hawaii,75,94,97,58,59
452939,Michael,Erin,Vermont,61,5,82,4,11
259661,Mary,Stephen,Washington,83,31,65,53,53
267481,Samuel,Michael,Kansas,59,71,65,36,16
162161,Ashley,Kristin,Kentucky,73,11,78,62,27
888396,James,Edward,Massachusetts,66,86,40,41,61
100249,Anne,Jamie,Indiana,38,12,96,69,40
789976,Christina,Dustin,Idaho,30,29,90,93,8
484750,Timothy,Frederick,Pennsylvania,18,63,47,90,22
584999,John,Kevin,Hawaii,63,37,27,85,97
191665,Sarah,Angela,Delaware,66,15,91,6,13
829237,Mathew,Richard,Delaware,43,20,1,26,46
141426,Alexandria,Timothy,Massachusetts,38,25,3,3,54
779333,Sharon,Brandon,Wisconsin,97,92,61,91,68
313415,Michael,Adrienne,Alaska,76,51,23,39,14
324221,Logan,Katherine,Oklahoma,59,99,24,23,60
779434,Amanda,Matthew,Pennsylvania,67,65,73,35,24
305534,Amanda,Kelly,North Dakota,79,17,69,32,15
459678,Thomas,Mary,Virginia,22,20,60,3,65
614988,Tanya,Yolanda,South Dakota,59,19,25,48,41
189575,Michele,Emily,Utah,77,13,39,72,90
866564,Dakota,Andrew,California,28,7,36,50,82
713353,Danny,Christopher,Idaho,22,73,28,26,56
108828,Kelli,Susan,New Mexico,71,98,31,89,8
117594,Kristina,Nathan,Louisiana,27,47,40,68,92
213777,Randy,Jennifer,Indiana,91,82,91,96,1
768511,Thomas,Glenn,Arkansas,7,96,88,63,52
804456,Glenn,Daniel,Connecticut,2,7,71,48,79
819734,Diane,Brian,Washington,89,10,64,70,13
633174,Nicole,Richard,West Virginia,37,13,9,53,72
583741,James,Anthony,Alaska,55,69,65,14,10
644424,William,April,Montana,67,71,81,16,91
346721,Samuel,Anthony,South Dakota,75,2,86,25,40
491786,William,Lisa,Illinois,38,87,2,47,69
156547,Stephanie,Elizabeth,Kentucky,89,21,41,95,52
225272,Jonathan,Sean,Ohio,84,22,39,3,74
523477,Thomas,Shannon,Montana,55,25,6,86,94
171390,Linda,Meagan,Hawaii,91,40,66,26,92
777530,Autumn,Alexis,Alaska,99,38,65,90,71
401642,Tracey,Elizabeth,Delaware,63,43,90,95,64
461682,Richard,David,New Hampshire,67,55,50,84,99
134156,Bryan,Brittany,Oklahoma,84,24,38,41,57
773663,Nicole,Amber,Alabama,78,30,9,99,66
876691,Sara,Jessica,Wisconsin,10,36,58,87,48
639325,Edwin,Megan,Michigan,19,27,11,77,89
846160,Angela,Jamie,Wyoming,88,72,49,21,14
101182,Cory,Robert,Kentucky,68,63,78,57,47
212616,Peter,Stephanie,North Dakota,86,3,95,51,51
185235,William,Russell,California,93,40,93,62,93
515719,Robert,Robert,Louisiana,71,30,18,80,85
735964,Cynthia,Tammy,Louisiana,49,100,16,93,91
897167,Brianna,Ryan,Iowa,90,48,30,47,72
762821,Gina,Felicia,Montana,25,99,42,40,34
324239,Robert,Shannon,Alabama,59,10,74,63,79
444142,Rhonda,Danny,Maine,20,66,52,6,50
378489,Michael,Hannah,Arkansas,74,28,37,91,1
867148,Steven,Rebecca,Florida,80,91,30,24,59
692591,Jennifer,Scott,Maine,30,41,48,47,36
539046,Eric,Beverly,Kansas,61,19,63,67,99
759991,Tara,Jason,Arkansas,33,100,98,22,40
107886,Kristina,Susan,Rhode Island,60,37,37,42,62
665314,Laura,Michael,Alaska,53,84,5,79,28
856440,Jessica,Matthew,New Mexico,98,31,36,64,51
165087,Louis,Ana,Indiana,34,76,8,85,39
157244,Timothy,Thomas,New York,87,19,46,7,49
640535,Erin,Patrick,Virginia,55,39,25,94,94
867100,Sara,Sophia,California,24,60,30,98,10
502468,Christopher,Steven,Hawaii,54,90,100,47,4
241825,Michael,Christopher,North Dakota,49,14,74,79,10
702628,Matthew,Rebecca,Michigan,63,70,56,12,71
515482,Melissa,Jessica,Oklahoma,27,37,17,96,55
228918,Mary,Sara,Minnesota,55,11,8,52,67
182488,Leslie,Melissa,New Mexico,49,57,15,33,73
722187,Kevin,Jessica,Pennsylvania,65,69,56,20,51
477066,Megan,Victor,Wyoming,5,21,84,99,62
701108,Henry,Kenneth,Utah,83,86,42,24,10
739512,Lisa,Javier,Missouri,82,57,61,46,92
523806,Ronald,Joe,Mississippi,27,94,3,22,13
111742,Candice,Scott,Louisiana,90,99,46,81,89
369108,Mallory,John,Maine,9,61,49,66,25
805982,Brittany,Tammy,California,44,63,47,2,60
175057,Briana,Kimberly,Montana,59,47,14,96,64
640097,Kaitlin,Amanda,Missouri,28,40,32,74,35
777894,Charles,Christine,Oklahoma,48,4,53,95,33
688728,Curtis,Michael,South Dakota,78,44,71,70,83
406108,Tina,Joseph,Missouri,97,9,76,98,4
668871,Jim,Melanie,Maryland,5,31,8,42,47
174493,Pamela,Rebecca,Georgia,38,85,60,43,6
474402,Michele,Amber,Montana,70,22,63,25,88
799315,Valerie,Kevin,Oregon,15,54,74,23,92
617910,Shane,Andrew,Kansas,5,69,47,75,18
818184,Mary,Leonard,Rhode Island,38,14,22,46,83
352623,Dennis,Catherine,Arkansas,9,64,13,8,29
699669,Julie,Aaron,Tennessee,13,94,50,65,96
181096,Derek,Shane,Texas,31,23,61,19,79
551318,Christopher,John,Vermont,33,22,8,66,25
159730,Stephanie,Austin,Missouri,62,18,87,7,56
848561,Laurie,Paula,Minnesota,18,48,18,67,10
791547,Terri,Christopher,Nevada,26,80,32,83,64
820666,Alan,Bradley,Wyoming,74,88,41,50,73
233758,Elizabeth,Bryan,Nebraska,25,20,11,58,91
441973,Brittany,William,Delaware,57,96,63,81,100
656515,Joshua,Ashley,Pennsylvania,68,59,95,17,12
692032,Alex,Michael,California,37,31,49,83,92
370444,Angela,Jane,Iowa,70,27,53,27,71
865781,Bruce,Matthew,Tennessee,62,67,51,76,37
838183,Jessica,Stacey,Connecticut,90,13,11,65,7
342834,Lori,Donald,Montana,20,97,11,44,61
507423,Chloe,Cody,Vermont,66,47,59,55,17
395723,Jenna,Brian,Florida,80,69,59,33,43
833885,Kathleen,Brian,Nebraska,52,38,61,69,46
662544,Cristian,Rhonda,Ohio,63,96,3,80,6
580871,Hannah,Bianca,Texas,3,33,8,90,87
469051,Molly,Dustin,Kentucky,98,61,26,37,48
845332,Christopher,Edwin,New Mexico,23,97,62,96,76
688949,Benjamin,Susan,Michigan,44,47,10,61,78
351044,Nichole,Anthony,Tennessee,84,81,69,38,36
560523,Sara,Thomas,Hawaii,56,5,91,47,8
722551,Shawn,Jennifer,Wyoming,53,19,12,62,1
479909,Jessica,Anthony,Delaware,69,83,28,29,3
838161,Mary,Kelly,Alabama,57,80,14,61,32
184536,Kelly,Christopher,New Jersey,39,58,35,98,3
248550,Kelli,Danny,Oklahoma,50,33,77,26,93
768955,Andrea,John,Virginia,29,70,36,71,23
377621,Bradley,Claire,Indiana,27,39,23,82,52
240160,Gina,Ann,Maine,97,78,64,44,51
374527,Gabriel,Rachel,Arizona,5,77,22,25,49
312564,Dylan,Miguel,New York,14,87,7,69,71
561333,Barbara,Antonio,California,3,33,11,81,77
241492,James,William,Connecticut,53,41,94,64,87
194418,Alexander,Ryan,Wisconsin,16,12,85,38,34
439821,Manuel,Jessica,Michigan,84,16,31,22,42
240557,Scott,Melissa,Montana,19,30,29,15,55
783623,Jodi,Teresa,Ohio,49,47,50,9,85
248392,Olivia,Curtis,Delaware,31,60,99,62,13
670260,James,Jacqueline,Minnesota,4,46,95,77,22
861929,Michael,William,Indiana,39,87,81,71,78
728834,Carol,Christina,Kansas,72,62,22,88,73
717474,Jeremy,Christopher,Montana,88,84,12,44,35
207401,Diana,Daniel,North Dakota,99,85,67,59,60
879259,Holly,Nicole,North Carolina,87,60,90,67,73
258247,Jacqueline,Renee,Maine,90,50,13,7,9
831612,Bradley,Thomas,South Dakota,60,38,40,97,61
777503,Jeremy,Steve,West Virginia,5,91,2,43,4
609314,Nathaniel,Kimberly,Wisconsin,71,35,50,99,68
518751,Stephanie,Judith,New York,89,57,72,43,74
312819,Lisa,Anna,Colorado,97,1,77,65,40
442705,Noah,William,Alabama,53,37,64,30,17
518247,Susan,Darius,Rhode Island,51,69,74,4,10
824519,Katie,Samantha,Louisiana,79,41,21,46,92
681444,Scott,Christopher,Oregon,80,44,82,11,48
354631,Robin,Brian,New Mexico,62,64,22,23,80
616464,Zachary,Andrew,North Dakota,31,84,99,53,27
167627,Matthew,Erica,South Dakota,5,90,25,32,17
822812,Kendra,James,North Dakota,41,49,70,80,51
694770,Jason,John,New Mexico,45,15,48,81,20
511091,Benjamin,Sabrina,Kentucky,95,55,70,29,96
387883,Thomas,Alex,Texas,55,79,97,49,91
762859,Sean,Ashley,South Dakota,1,24,71,3,90
114215,Gregory,Christina,Idaho,26,1,92,22,70
193451,Jeffrey,Jared,New York,30,87,11,69,18
385534,Caitlin,Annette,Michigan,11,88,53,91,72
539702,Kathryn,Christine,Vermont,26,58,68,25,57
620179,Sara,William,Vermont,6,54,21,84,99
497620,Justin,Amy,Louisiana,31,34,58,52,33
559150,Matthew,Ryan,Oklahoma,35,33,46,30,91
477901,Sean,Amanda,Tennessee,96,80,55,2,73
249673,Rebecca,Eddie,Washington,74,100,79,17,53
760689,Nancy,Mark,Georgia,63,48,35,37,13
879736,Benjamin,Steven,Ohio,100,72,74,21,91
435495,Thomas,Gabrielle,Rhode Island,96,95,70,62,58
677643,Yvonne,Kari,Indiana,5,48,68,95,35
859481,David,Kelly,Vermont,57,65,49,9,8
179230,Joseph,Kristin,South Carolina,75,98,79,31,45
662962,Joshua,Roger,Washington,41,94,74,40,76
610681,Jonathan,Janet,Florida,34,30,70,13,53
899037,Michele,Sheila,Virginia,15,19,21,82,11
174912,Stacy,Andrea,Massachusetts,97,99,65,21,73
828906,Kevin,Jacob,Missouri,70,15,28,9,88
799592,Jake,Tommy,Arkansas,56,55,77,49,18
452172,Marie,Carolyn,North Dakota,83,81,79,5,88
798667,Susan,Mary,Oregon,6,35,15,20,100
229360,Grant,Emily,Oklahoma,66,70,79,12,56
417062,John,Mark,Missouri,80,62,46,2,69
630946,Alicia,Tammy,Utah,92,65,49,48,53
843931,Abigail,Mary,Texas,70,9,18,40,86
590405,Matthew,Zachary,Maine,25,2,74,46,91
785577,Tony,Teresa,Vermont,39,35,23,83,31
195209,Brendan,Kelly,Alaska,76,52,66,17,55
419948,Edward,Jeremy,Oregon,19,66,38,83,34
156569,Joseph,Sean,Missouri,40,90,52,20,41
483248,Tricia,Travis,Tennessee,97,61,22,7,11
250716,Richard,Terri,Delaware,59,17,28,1,1
320773,Margaret,Colton,California,81,47,29,95,71
547164,Ashley,Anne,Florida,67,74,65,2,24
404020,Aaron,Mark,New Hampshire,57,72,32,40,86
870382,John,Billy,Alabama,99,52,94,91,82
637294,Miguel,Carlos,Idaho,41,99,3,46,61
220809,Crystal,Elizabeth,New Mexico,10,51,98,19,28
135771,Nicholas,Anna,Alabama,99,2,10,86,25
116834,Tammy,James,Louisiana,32,44,2,95,19
339291,Ryan,Loretta,Mississippi,9,39,57,48,75
170600,Aaron,Emily,Georgia,51,100,87,5,33
563129,Rhonda,Kevin,Nebraska,24,55,46,42,15
230339,Daniel,Amy,Arizona,21,35,93,38,55
367033,Ashlee,Hannah,Vermont,3,92,100,33,93
611953,Katelyn,Kristine,Texas,86,78,77,15,58
294678,Gina,Sharon,Utah,47,66,35,8,91
709403,Michael,Jody,Arkansas,58,100,41,32,14
230719,Michael,James,Rhode Island,9,25,24,26,29
447781,Chloe,Nicole,Missouri,80,91,82,62,60
158620,Amanda,Lawrence,New Mexico,9,85,90,45,98
712372,Brandon,Phillip,Alaska,90,19,61,61,14
208825,Cynthia,Heather,Rhode Island,69,1,59,75,54
337414,Robert,Michael,North Dakota,9,51,71,62,59
291510,Frank,Natalie,Kentucky,5,42,45,41,55
880144,Emily,Patricia,Missouri,42,60,3,55,23
445540,William,Jessica,South Dakota,73,45,56,24,47
180420,Timothy,Christopher,West Virginia,59,68,90,1,76
231655,Kristin,Andrea,Delaware,3,89,57,59,55
776411,Sarah,David,Montana,41,30,54,8,12
564771,Daniel,Shawn,Delaware,60,26,2,90,27
778906,Charles,Ashley,Oregon,38,91,100,64,98
764174,Ryan,Nicholas,Arizona,92,26,14,59,67
548350,Teresa,Maria,Montana,65,74,85,30,70
379440,Anita,Eileen,North Dakota,87,55,100,15,42
678353,Laura,Melissa,Oregon,75,3,35,66,80
680169,Fred,Dwayne,Arkansas,73,60,62,62,68
796844,Anna,Kimberly,Oklahoma,50,46,58,1,21
140634,Holly,Megan,Delaware,27,16,65,64,16
340185,Gary,Thomas,Louisiana,30,61,83,26,63
673183,Brandon,Brian,Nevada,69,23,52,95,4
645181,Gregory,Tamara,Wisconsin,93,66,46,24,72
226231,Diana,Anna,Arkansas,52,74,75,11,26
201741,Linda,Sara,Missouri,66,83,100,69,53
129527,Andre,Craig,Michigan,64,98,61,44,72
212026,David,Paul,Alaska,24,56,54,44,78
511112,Jeffrey,Connor,New Jersey,88,23,57,72,46
521773,Justin,Alyssa,Montana,1,15,42,35,75
722302,Kathy,Timothy,South Carolina,90,17,26,73,60
218578,Jessica,Randall,South Carolina,63,32,100,87,70
666023,Gerald,Nichole,Illinois,79,12,79,3,69
374703,Paul,Jose,North Dakota,1,84,100,49,89
623626,Robert,Jodi,Texas,45,63,12,61,78
430682,Samantha,Linda,Oklahoma,35,32,53,87,64
675515,James,Caitlin,Vermont,25,9,32,59,97
768903,Jacob,Sandra,Montana,26,92,32,54,81
383118,Maria,Joanna,Oregon,99,92,73,72,99
679507,Joseph,Cathy,New York,84,52,46,18,5
674137,Jennifer,Thomas,Maryland,58,41,56,80,64
471812,Daniel,Kelly,California,16,50,61,18,69
753903,Gary,James,Connecticut,11,11,85,52,83
433723,David,Jane,Delaware,97,58,74,81,70
281449,Yvonne,Heidi,Delaware,84,37,2,48,52
295612,Matthew,Debbie,Iowa,83,13,12,3,11
660920,Michelle,Diane,Pennsylvania,17,67,73,56,85
631971,Alicia,Cynthia,Utah,5,62,50,88,100
568112,Julie,Tamara,Illinois,12,51,60,49,38
208522,Ashlee,Stephen,Arkansas,72,97,70,16,52
270028,Amanda,Monica,Nevada,71,33,6,29,59
582147,Jeffery,Kendra,Nevada,5,53,40,85,62
531174,Shannon,Mary,North Dakota,48,15,87,53,35
374240,Kevin,Mary,Oregon,16,69,3,83,77
572902,Andrew,John,Oklahoma,89,99,59,15,74
644700,Joseph,Wendy,Rhode Island,39,18,38,80,57
769230,Amanda,Kristy,Georgia,49,34,54,83,20
479699,Tabitha,Caleb,Illinois,55,71,85,69,90
392873,Matthew,Crystal,South Carolina,72,18,44,50,17
522086,Thomas,Renee,Idaho,48,7,31,85,75
623854,Jeremy,Jeremy,Wyoming,59,88,84,43,63
263130,Hannah,Lisa,Georgia,3,11,78,84,89
349811,Tina,Cory,Alaska,58,78,19,97,30
599539,Kevin,Renee,South Dakota,79,87,28,76,92
726647,Lisa,Victor,Illinois,94,100,51,20,20
135307,Michael,Alyssa,Montana,37,78,41,25,88
368107,Adrian,David,Arizona,60,20,60,73,47
178772,Brittney,Rachael,North Carolina,33,50,82,28,73
159288,Rose,Joseph,Idaho,60,73,87,96,71
711264,Lisa,Mario,Iowa,62,22,96,24,77
820876,Nichole,Hannah,Tennessee,49,19,71,76,36
243517,Amanda,Jermaine,Iowa,67,42,59,66,9
538589,Thomas,Mackenzie,Wyoming,27,98,8,39,6
898958,Jose,Robert,Wyoming,23,70,11,7,35
528673,Danielle,Michele,Connecticut,59,53,84,37,67
191401,Charles,Jeremy,Idaho,74,98,28,72,10
392379,Jody,Amy,Minnesota,9,2,51,93,9
431621,Holly,Annette,Massachusetts,96,7,22,6,26
761481,Alex,Leah,Missouri,25,69,26,100,75
869508,Lisa,Cathy,Vermont,16,79,92,17,24
644841,Austin,Gregory,Arkansas,14,1,89,31,62
143323,Joshua,Sean,Wisconsin,49,13,13,60,57
898353,Margaret,Suzanne,Georgia,73,84,97,71,68
334923,Jacqueline,Bradley,Rhode Island,47,19,47,2,95
841960,Catherine,Cody,Virginia,89,47,96,31,67
886744,Joseph,Charles,New Jersey,73,36,47,68,37
543614,Megan,Sarah,Nebraska,43,67,39,50,91
592219,Greg,Kristin,Nebraska,62,38,26,48,95
512751,Jared,Sarah,West Virginia,34,49,31,14,76
201795,Cindy,Sylvia,Michigan,91,69,3,68,68
692443,Joyce,Anthony,Alaska,36,32,21,2,18
104160,Michael,Hannah,Florida,77,28,14,93,81
589382,Corey,David,South Dakota,33,19,38,95,65
578483,Sylvia,Danielle,Florida,67,43,25,8,28
374961,Maria,Jerome,Kentucky,59,73,68,68,23
379652,Laura,Dawn,Washington,44,45,74,49,84
382268,Kelly,Rachel,New York,61,81,28,20,55
367222,Amanda,William,Pennsylvania,10,53,53,82,37
289363,William,Melissa,Idaho,15,32,45,57,15
474627,Paul,Samantha,Montana,58,20,92,18,71
789234,Stephanie,Zachary,Louisiana,85,83,65,63,92
735742,Amy,Krystal,Missouri,80,26,51,39,14
460697,Jacob,Nathaniel,Delaware,91,20,9,4,14
646860,Kelsey,William,Louisiana,62,26,96,24,17
367087,Amy,Robert,Massachusetts,74,44,71,95,2
345446,Carla,Jessica,Kansas,79,66,72,70,66
549793,Julie,Jonathan,Hawaii,90,74,91,48,95
718832,Brenda,James,Louisiana,22,73,76,57,43
577581,Michael,Gina,North Dakota,100,78,6,55,48
149362,Amber,Daniel,Minnesota,53,56,14,7,25
851742,Johnny,Patricia,Louisiana,11,44,8,3,40
321725,Zachary,Linda,Virginia,98,15,25,76,88
212808,Christian,James,Minnesota,56,40,12,31,37
253547,Amanda,Ashley,New Hampshire,3,9,23,69,8
614810,Bradley,Cassandra,Ohio,52,19,10,66,59
389873,Donald,Veronica,Texas,97,68,15,19,81
707271,James,Michael,Mississippi,47,91,22,78,35
448474,Dalton,Morgan,Alaska,98,67,71,96,6
494234,Carlos,Jeffery,Connecticut,42,35,54,66,76
425252,Carolyn,Ralph,Hawaii,80,59,50,23,99
511008,Austin,David,New York,34,39,89,20,79
625470,Sarah,Stephen,Illinois,71,57,18,6,38
503174,Roger,Jessica,Idaho,89,41,34,99,24
244297,Jessica,Kimberly,South Dakota,48,36,65,36,15
642375,Katherine,Autumn,Colorado,85,28,83,93,31
110341,Jessica,Brad,Wyoming,18,83,87,41,6
577043,Laura,Lindsey,Oregon,30,91,86,39,26
599963,Sharon,Beth,Wyoming,44,46,62,89,53
645704,Nicholas,Michael,Vermont,44,81,99,55,78
878860,Jennifer,Brandon,Kentucky,35,10,86,27,78
631447,Dana,James,Utah,83,66,10,33,23
501747,Alicia,John,New Jersey,2,39,61,79,49
686411,Maria,Natasha,Texas,5,13,82,84,35
276238,John,Caitlin,West Virginia,37,4,69,44,100
377750,Rebecca,Lorraine,Georgia,76,15,46,77,32
456733,Kathy,Charles,Oregon,25,87,3,60,62
840110,Brenda,Tracy,Rhode Island,16,90,62,24,24
430518,Melissa,Matthew,New Mexico,16,35,40,88,83
880845,Cameron,Anthony,Idaho,92,50,93,97,98
181873,Christine,Michael,Florida,39,75,74,4,2
560500,April,Stacey,Wisconsin,16,6,76,5,33
367199,Austin,Justin,New Mexico,4,93,40,51,79
825656,Elizabeth,Robert,Kansas,11,21,1,78,85
785933,Sherry,Jennifer,Illinois,11,98,11,83,88
435102,Daniel,Richard,Ohio,53,60,80,78,49
564836,Christopher,Robert,Wisconsin,15,88,73,21,24
278437,Sarah,Katelyn,Oklahoma,12,27,41,50,12
897753,Dylan,Michael,Minnesota,19,68,19,65,14
601044,Daniel,Walter,Maine,43,42,65,43,88
382419,Jeremy,Sierra,South Dakota,94,90,41,35,44
889410,Bobby,Charles,Indiana,1,20,56,11,79
242964,Richard,Michelle,South Dakota,86,95,25,94,74
387697,Cassandra,Thomas,Wisconsin,94,78,40,88,32
302187,Sarah,Tina,Alabama,2,3,68,34,4
698737,Angela,Sonya,Ohio,74,14,84,46,68
392486,Donald,Alec,Kentucky,66,100,96,78,46
389246,Teresa,Suzanne,Wyoming,5,47,86,100,90
516335,Edward,Jeremy,Montana,95,34,64,38,33
268441,Mary,Crystal,New Mexico,63,43,6,11,26
496458,Michael,Edward,Michigan,26,71,39,75,75
520171,Kevin,James,Oklahoma,49,19,66,76,8
516428,Teresa,Monica,North Carolina,37,69,93,46,99
646288,Matthew,Danielle,Arkansas,64,13,95,31,22
500386,Carlos,Timothy,Kansas,59,68,84,24,15
256102,Victoria,Gina,Wyoming,78,23,5,96,86
558835,William,James,New Jersey,45,45,95,4,70
834469,Benjamin,Matthew,Utah,98,89,78,77,39
612743,Rodney,Adam,Connecticut,12,47,86,85,8
863874,Kelly,Jasmine,Vermont,7,77,4,3,54
565616,Christopher,Tracey,Missouri,72,10,55,39,18
851926,Michael,Cynthia,New Hampshire,6,15,82,44,68
404864,Robert,John,Ohio,94,25,39,93,35
602041,Brian,Amber,Nebraska,81,73,50,13,92
728868,Jeffrey,Yvette,Wisconsin,5,92,31,90,74
791343,Holly,Sherri,Oregon,93,79,5,82,49
608983,Jonathan,Stacey,Georgia,15,23,50,20,28
783212,Michael,Christine,Illinois,48,62,77,47,72
240415,Jeffrey,Jessica,Michigan,13,70,85,56,28
760210,Sheila,Peter,Kansas,30,55,100,79,82
738675,Donna,James,Oklahoma,3,27,78,93,13
122048,Douglas,Cindy,California,26,5,26,15,44
617533,Stephen,John,New Jersey,97,75,96,24,92
583046,Jamie,Elizabeth,North Carolina,87,39,90,56,44
478683,Bruce,Amanda,Wisconsin,39,16,14,51,87
703380,Brianna,Michelle,Montana,79,22,2,7,61
402389,Daniel,Lindsay,Florida,53,40,96,26,16
113405,Richard,Bruce,Maine,55,15,55,15,73
646135,Warren,Melissa,Indiana,18,16,18,94,48
572724,Leonard,Brandon,Virginia,25,26,43,100,3
333753,Karla,Jennifer,Oregon,21,32,64,85,28
142154,Jenny,Ryan,North Dakota,81,10,11,47,95
746241,Travis,Benjamin,Florida,43,100,79,71,87
241981,Roy,Paul,Georgia,21,100,24,50,56
191004,Patrick,Adam,North Dakota,4,55,53,44,56
318047,Jennifer,Anthony,Louisiana,55,35,33,55,44
725101,Amy,Rachel,Pennsylvania,87,24,67,3,43
658969,Dawn,Megan,Ohio,2,64,12,19,14
409141,Anthony,Thomas,Pennsylvania,83,8,13,16,64
447036,Samuel,Haley,Rhode Island,35,64,80,68,9
542790,Kristopher,Nicholas,New Mexico,54,18,94,52,92
181205,Diana,Emily,Rhode Island,85,18,86,68,55
832979,Nicole,William,Florida,50,91,49,32,30
110181,Andrew,Michael,Kentucky,5,27,23,41,35
182669,Tammy,Christine,Idaho,15,33,3,21,35
533653,Jennifer,Patricia,Mississippi,15,17,19,70,61
113477,Fernando,Brandi,Wyoming,84,53,83,91,52
456789,Kathleen,Frank,Nevada,5,53,7,1,72
796322,Melissa,Mary,Indiana,2,9,31,92,14
425992,Mark,Mckenzie,Colorado,85,91,50,8,63
586880,Paul,Sally,Alabama,94,56,28,84,54
404040,Brian,Robert,Illinois,78,85,46,85,56
347416,Joshua,Elizabeth,Tennessee,58,84,82,39,71
122945,Michelle,Debra,South Dakota,36,88,88,39,4
514732,Cynthia,Donna,Maine,53,26,19,69,87
815079,Lori,Andrew,Michigan,60,63,62,22,24
123451,Luke,Mark,Illinois,35,48,15,63,80
735778,April,Jennifer,Kansas,66,75,28,23,39
894093,Matthew,Christopher,Idaho,74,23,12,61,7
536690,Michael,Beth,North Dakota,91,84,67,42,72
549941,Bridget,Robert,Massachusetts,12,76,39,11,11
326689,Jamie,Jeffrey,Mississippi,67,38,29,31,48
639428,Cynthia,Donald,Alabama,27,66,33,32,23
142314,Timothy,Lindsay,South Dakota,59,3,96,21,100
601587,Melissa,Joseph,New Hampshire,32,69,79,10,22
142308,Nicholas,Michele,Maine,86,35,14,9,98
804659,John,Deanna,Vermont,1,51,55,48,11
428194,Brian,Kevin,Wisconsin,98,51,8,87,81
559628,Sharon,Dakota,Indiana,75,96,33,26,88
530811,Christina,Craig,Minnesota,53,45,37,62,23
319567,Emily,Denise,Oklahoma,98,41,98,33,7
541361,Francisco,Elizabeth,Utah,70,79,45,73,19
134864,Michael,Jamie,Mississippi,16,9,80,81,7
634978,Kathryn,Kaylee,Rhode Island,36,71,100,66,95
105701,Diane,Vernon,Hawaii,2,69,37,60,49
537726,Lindsey,Mike,New Jersey,90,4,39,53,92
651589,Jenna,Hannah,Colorado,55,41,56,9,54
687597,Krista,Cynthia,Kentucky,66,31,45,26,78
405092,Chelsea,Anthony,Maine,31,77,65,57,70
187190,Colin,Brian,Washington,97,75,80,41,42
871084,Jennifer,Jeffery,Delaware,19,55,75,47,80
351929,Eric,Jason,Minnesota,92,79,40,24,19
688744,Tony,Michael,North Carolina,63,43,46,30,80
367589,Lisa,Brooke,Virginia,23,89,53,5,74
149360,Kimberly,Tara,Arkansas,8,64,75,37,39
122118,Robert,Bethany,Kentucky,24,72,66,15,83
828392,Chad,Tonya,Delaware,28,22,67,39,63
713480,Jason,Christopher,Wisconsin,78,99,24,73,82
729131,Brenda,Gregory,South Dakota,77,9,79,28,12
631524,James,Joshua,Kansas,75,42,48,67,42
237096,Meagan,Jessica,Maryland,4,77,87,20,30
568441,John,Carolyn,Arkansas,21,44,49,67,23
425445,Robert,Joseph,North Dakota,54,88,40,44,81
397076,Nicole,Laura,North Carolina,72,6,64,77,43
260562,Lisa,Gregory,Maine,5,15,87,86,50
863872,Heather,Raymond,Delaware,11,39,35,86,73
435147,Charles,Nancy,Missouri,83,33,79,70,57
400526,Gloria,Trevor,Wyoming,75,89,7,25,9
686142,Christopher,Lucas,Ohio,58,4,58,23,65
775018,Adam,Riley,Wyoming,98,15,85,92,98
191197,Trevor,Gail,Michigan,1,96,8,57,69
436770,Justin,Debra,Maryland,6,9,61,79,95
117281,Pamela,Frank,Alabama,81,25,20,56,18
444268,Brian,Tami,Wisconsin,90,91,98,20,1
803477,Dwayne,Kevin,Kansas,88,69,54,99,53
257965,Daryl,Eric,Nebraska,86,16,19,4,24
256319,Daniel,John,Illinois,99,62,55,82,50
731612,Alex,Pamela,Delaware,7,50,42,38,91
494486,David,Patrick,Alabama,87,14,35,50,56
113126,Michael,Stephanie,Washington,35,49,70,92,36
240025,Mary,Virginia,Michigan,22,15,6,78,56
559376,Mary,Kimberly,Florida,20,20,32,89,44
745212,James,Samantha,Vermont,42,14,10,72,71
708057,Michael,Heather,Nebraska,89,70,66,2,87
530902,Cheryl,Richard,Wisconsin,7,34,2,91,43
705773,William,Pam,Missouri,72,47,72,100,14
332665,Jake,Kimberly,Iowa,32,55,86,59,89
672051,Lisa,Joe,Kansas,65,96,40,90,98
527867,Angela,Steven,Connecticut,95,80,70,4,84
192811,Teresa,Raven,Delaware,81,48,75,94,77
523340,Courtney,Victor,North Carolina,71,6,87,79,45
701003,Kent,Jonathan,Louisiana,5,76,23,15,37
398943,Kevin,Joseph,Idaho,34,79,82,84,22
349906,Jared,Rebecca,Missouri,57,50,92,27,87
606224,Cheryl,Shelby,Rhode Island,56,28,73,87,45
166360,Stephen,Desiree,Nevada,23,26,58,43,47
804360,Cynthia,Jason,West Virginia,91,58,24,62,43
510483,Andrew,Erica,Ohio,36,3,37,29,92
804720,Donna,Christopher,Minnesota,34,68,29,79,87
280960,Michael,Jasmine,Montana,44,64,80,48,53
508783,David,Olivia,Idaho,99,1,20,62,46
126763,Bonnie,Jack,Rhode Island,97,59,7,83,12
899922,Paul,Charles,California,9,87,70,84,36
124387,Eric,Steven,South Dakota,75,56,58,84,24
108605,Valerie,Jacqueline,Tennessee,44,90,41,21,32
796959,Michael,Ashley,Michigan,62,35,28,12,69
477726,Carol,Scott,Virginia,91,68,10,79,7
691345,Holly,Charles,Virginia,18,72,82,54,63
720356,Travis,Sally,Kentucky,63,17,45,64,45
286607,Paul,Danny,Louisiana,44,82,19,28,66
138426,Andrew,Sharon,Connecticut,23,19,12,4,29
752771,Randy,Michael,Mississippi,34,44,64,68,74
447310,Ashley,Melissa,Louisiana,5,82,19,66,67
341852,Pamela,Michael,Pennsylvania,28,5,78,95,100
413951,Dominique,Michael,New Jersey,53,13,76,54,24
719825,Richard,Wayne,North Dakota,78,98,26,26,35
224144,Tiffany,Michael,Pennsylvania,23,27,97,7,53
256412,Richard,Kimberly,Rhode Island,38,18,98,20,50
591405,Aaron,Lisa,North Carolina,66,41,15,12,13
277604,Amy,Susan,Nevada,56,5,49,32,63
126511,Mark,Amy,South Carolina,26,31,11,83,65
898255,Douglas,Patricia,California,25,76,18,76,32
401030,Stephen,Madison,Alabama,80,82,22,56,40
850987,Patrick,Paul,Delaware,25,50,28,7,21
339347,Alexis,Lindsey,New Mexico,96,97,22,75,92
702347,Nathan,Melanie,Hawaii,72,57,16,70,63
586488,John,Sara,South Carolina,44,7,35,72,95
282378,Brent,Brian,Indiana,38,67,10,40,88
603186,Andrew,Bruce,Alabama,28,38,62,28,36
419506,Jessica,Michael,North Carolina,62,79,20,60,80
181201,Lisa,Rachel,Utah,96,79,4,80,70
462495,Gabriela,Luis,Tennessee,1,29,28,14,1
788407,Denise,James,New Jersey,95,99,70,38,92
175394,Karen,Christian,Michigan,39,84,45,37,73
670990,David,Cole,Illinois,60,77,56,47,55
484284,Tina,Andrew,Tennessee,97,12,43,100,23
638740,Samuel,Kelli,Hawaii,91,5,91,48,54
343978,Michael,Jennifer,New Hampshire,91,43,75,9,62
241703,Ronald,Cindy,Connecticut,51,45,27,48,97
232924,Kelly,Michael,Nevada,32,78,25,43,25
356637,Benjamin,Kevin,Connecticut,91,5,100,48,19
532701,Kaitlyn,Deborah,Maine,41,73,83,27,40
169293,Patricia,Derek,Hawaii,21,94,42,75,42
702686,Holly,Jennifer,Tennessee,7,13,70,12,54
565944,Ernest,Cody,North Carolina,70,89,81,6,9
309981,Sandy,Shane,Georgia,2,95,40,97,76
472064,Rebecca,Robert,Arizona,71,86,62,14,92
747143,Karen,Kevin,Oklahoma,90,51,30,78,10
612031,Martin,Angela,Arizona,55,12,21,7,31
760923,Linda,Danielle,Virginia,57,39,73,72,92
239737,Natalie,Emily,Texas,42,84,30,27,54
220536,Stanley,Michael,New Jersey,22,16,75,24,71
675690,Robert,Angela,Connecticut,46,14,95,17,33
411781,Jennifer,Crystal,Kansas,65,32,22,49,63
678587,Debbie,Amanda,Florida,9,78,20,27,85
209136,Michael,Jonathan,Wisconsin,57,90,28,90,59
338728,Sean,Nichole,Wyoming,72,81,100,44,82
321227,Brad,Michael,North Carolina,74,62,97,11,28
665342,Cynthia,Felicia,Washington,49,100,8,65,41
584326,Joe,Diane,Virginia,66,75,81,81,17
184324,Justin,Angela,Delaware,25,75,31,50,89
542291,Arthur,Jennifer,Oregon,20,86,66,59,41
572562,Kyle,Virginia,Pennsylvania,69,48,60,95,72
305014,Daniel,Cynthia,Indiana,55,100,47,30,15
820610,Chris,Laura,Missouri,11,57,7,32,30
888958,Emily,Keith,Alaska,45,27,88,33,40
886550,Hailey,Zachary,Utah,54,46,46,61,69
682069,Ronald,Meghan,Mississippi,72,51,1,91,44
635020,Christina,Mary,South Dakota,23,71,64,59,1
380233,Matthew,Andrew,Oregon,80,43,50,93,9
840529,Melanie,Chelsea,North Carolina,75,74,73,79,13
408543,Michael,Rhonda,Minnesota,98,96,37,60,3
258199,Steve,Thomas,Illinois,40,63,67,87,42
705237,Shirley,Andrew,Utah,70,29,37,100,76
383294,Casey,Andrea,Massachusetts,4,81,55,17,76
805368,Danielle,Nicholas,Nevada,75,56,86,94,14
127693,Adrian,Dana,West Virginia,100,68,2,44,93
791403,Robert,Tiffany,Alabama,71,78,64,59,78
235040,Christina,Sean,South Carolina,65,89,21,31,90
826645,Andrea,Mitchell,California,70,52,35,49,4
728933,Cynthia,Amy,New Hampshire,17,58,86,80,75
790044,Erik,Kathy,Florida,12,33,79,76,63
634465,Donald,Cole,Virginia,13,52,74,20,68
266411,Terri,Richard,Florida,6,95,5,87,95
280256,Michael,Susan,Louisiana,70,75,4,97,54
165002,Kevin,Jill,Nevada,100,93,84,19,3
740355,Laurie,Joseph,Oregon,32,17,86,1,97
867851,Erika,Sheri,Georgia,74,53,15,91,16
815527,Amanda,Kaitlin,Louisiana,94,92,33,84,88
116987,Thomas,Melissa,Wisconsin,3,56,45,14,58
592860,Heather,Wesley,Idaho,90,86,81,94,23
868696,Zachary,Jonathan,Georgia,4,22,6,46,34
368528,Jennifer,Kathy,New York,50,13,46,20,67
819378,Rodney,Richard,Oregon,2,16,87,97,74
631944,Jessica,Virginia,Hawaii,69,25,21,49,83
310412,Jessica,Jack,Delaware,90,85,26,71,94
801732,Megan,Maureen,Oregon,96,13,69,47,84
853813,Michael,Steven,Alabama,18,25,57,94,16
390727,Seth,Dawn,Illinois,49,89,23,15,37
701464,Nicholas,Donald,South Dakota,60,79,46,21,83
669496,James,Danielle,Virginia,89,1,19,57,100
629566,Jeffrey,Haley,Florida,28,36,28,12,68
426904,Lori,Maurice,Ohio,69,24,67,67,32
251750,Janet,Ricky,Florida,48,51,16,80,90
887954,Helen,Danielle,Connecticut,27,96,83,41,94
468062,Heather,Hector,Hawaii,4,92,70,22,55
742021,Vincent,Scott,Florida,72,57,42,12,75
789044,Seth,Stephanie,Arkansas,52,75,48,86,52
808255,Sandra,Rachel,West Virginia,4,51,38,40,62
114030,Kathleen,Johnny,Indiana,31,89,47,79,62
421120,Latasha,Cindy,Alabama,4,83,48,96,61
474044,David,David,South Carolina,96,57,3,85,85
477252,Cody,Samantha,Louisiana,77,75,8,10,3
865172,Ashley,Nicole,Arkansas,60,40,64,28,39
452309,Joseph,Mitchell,New York,66,38,22,19,59
584363,Robert,Michael,Nevada,56,68,6,56,26
415876,Nicole,Omar,Illinois,64,35,54,46,86
475337,Edward,Max,Mississippi,100,59,22,24,8
135032,Andrea,Angela,Ohio,45,64,83,66,86
206457,Phillip,James,Arkansas,96,69,18,14,19
892603,Randall,Marcus,Nebraska,24,42,85,7,93
548609,Amy,Nicole,Iowa,54,92,49,31,48
530237,Julie,Tanya,Nebraska,18,32,76,81,31
503043,Michael,Brian,West Virginia,75,24,17,9,73
689227,Brian,Mary,South Dakota,45,81,67,27,90
775063,David,Derrick,Ohio,55,89,70,32,88
311043,Tammy,Rebecca,New Hampshire,22,15,15,15,91
430111,Michelle,Robert,California,26,87,4,3,35
451058,Eddie,Julie,Iowa,22,86,26,13,76
553675,Jon,Jennifer,North Dakota,92,30,17,93,3
174294,Mary,Valerie,California,25,49,31,73,77
661965,Margaret,Eddie,Florida,71,25,29,29,41
409118,Joel,Jamie,California,41,34,17,87,66
449141,Vicki,Richard,Connecticut,18,50,83,52,40
865018,James,William,Rhode Island,47,67,90,88,67
639402,Alan,Edgar,New York,26,40,76,4,3
209860,Barbara,Jeffrey,West Virginia,17,4,58,75,28
623808,Bethany,Charles,Pennsylvania,96,23,3,27,67
265810,Sean,Karen,Delaware,17,43,44,32,45
139137,Courtney,Thomas,Delaware,99,56,62,49,88
831392,Jessica,Heather,Virginia,36,94,32,1,18
720550,Leslie,Michael,Texas,55,49,48,69,8
297127,Courtney,Scott,New York,79,49,57,57,1
743241,Stephanie,Kathryn,Montana,31,40,17,87,38
452780,Kelly,Janet,West Virginia,60,85,41,43,78
263079,Duane,Shannon,Illinois,49,96,13,61,92
763608,Melissa,Michelle,Connecticut,49,17,39,45,90
246325,Sean,Jason,Tennessee,47,63,19,43,96
410276,Donna,Jeffrey,South Dakota,36,100,42,92,46
571236,Danielle,Kevin,New Jersey,91,30,17,31,6
358561,Jeffrey,Joshua,Idaho,27,82,16,67,77
715626,Danielle,Samuel,Ohio,72,54,29,97,43
486085,Cameron,Joseph,Washington,91,44,98,38,48
861946,Sarah,Monica,Montana,27,93,44,58,89
167600,Jennifer,Katherine,Michigan,38,41,3,67,96
156249,Jessica,Adam,Arkansas,72,99,14,67,13
202550,Maria,Roberto,New York,92,21,20,31,94
535474,Martin,Jacob,North Dakota,8,44,76,96,29
683514,Jennifer,Lisa,South Carolina,82,7,48,65,55
117717,Megan,Robert,Connecticut,51,25,93,13,80
508285,Corey,Ebony,Pennsylvania,32,35,70,10,93
383339,Kimberly,Lance,Tennessee,2,59,91,25,27
208237,Natasha,Phillip,Vermont,17,84,46,18,92
139648,Anna,Zoe,South Carolina,79,71,46,49,70
397827,James,Ashley,Wisconsin,62,84,10,83,9
100534,Keith,Alyssa,Washington,97,97,28,4,14
876335,Nicolas,Eric,Oklahoma,59,19,70,14,14
396701,Mikayla,Anita,Montana,41,43,94,94,40
246913,Ashley,Nicole,West Virginia,56,43,53,80,41
215447,Alexandria,Caleb,Nebraska,12,62,83,44,42
815755,Andrew,Christopher,Iowa,13,15,70,16,14
492772,Todd,Rachel,Alaska,17,2,47,24,29
734754,Michael,Danielle,Kentucky,7,33,86,97,32
439306,Lawrence,Nicholas,West Virginia,61,32,10,7,72
261970,Cindy,Nathan,West Virginia,70,64,17,45,5
228501,Adam,Samantha,Minnesota,11,48,91,82,37
398714,Cassidy,Joseph,Arkansas,54,77,67,74,85
602234,Andrea,Kenneth,North Dakota,19,3,7,38,4
182847,Melissa,Kelly,Arizona,17,61,45,8,29
204976,Maria,Holly,Missouri,27,24,74,79,81
789658,Melissa,Danny,Pennsylvania,62,61,91,19,56
615684,Linda,Juan,Texas,42,48,47,48,3
625293,Caleb,Kimberly,Illinois,42,36,69,79,98
651198,Mike,Jennifer,Iowa,90,28,22,57,81
665740,Yvette,Jackson,Oklahoma,37,22,9,46,36
158573,Christina,William,Delaware,68,23,65,79,75
369934,Marie,Nicholas,Georgia,40,85,4,1,72
629044,Daniel,Thomas,Alaska,27,66,33,39,33
483198,Gregory,Sarah,New Jersey,15,57,72,23,20
496592,Denise,Rebecca,Ohio,16,79,34,15,90
284634,Bradley,Theresa,Oklahoma,60,74,74,56,4
542420,Mary,James,Hawaii,51,42,96,100,96
529048,Pamela,Kristina,South Dakota,75,42,49,83,30
752389,Jonathon,Luis,Texas,14,41,8,20,99
645271,Dennis,April,Alabama,27,59,75,64,53
689515,Angela,Sandra,Pennsylvania,60,65,73,68,73
505415,Carmen,Julie,Missouri,31,34,68,9,44
356606,Renee,Bryan,Wisconsin,48,100,39,14,54
504506,Austin,Katrina,Utah,39,83,53,93,41
354137,Mary,Katherine,Nevada,40,12,64,47,45
689289,Curtis,Lisa,Minnesota,39,12,19,16,88
479576,Andrea,Amanda,Washington,92,100,30,32,65
412750,Michael,Bonnie,South Dakota,87,49,36,31,66
529286,Thomas,Olivia,Missouri,64,80,98,17,19
169219,Krystal,Kayla,Kansas,77,12,48,63,1
635397,Tony,Cesar,Louisiana,19,40,34,78,35
612593,April,Sandra,Kansas,88,78,7,47,14
892688,Margaret,Ricky,New York,6,50,33,33,91
524774,Samuel,Aaron,Alaska,55,98,79,94,100
440657,Melissa,Jennifer,Minnesota,37,77,9,46,11
228475,Melissa,Ronald,Wisconsin,42,95,92,89,6
871552,Jon,Timothy,North Carolina,31,35,77,34,46
563521,Chelsea,Brandon,Mississippi,27,27,70,62,76
797185,Danny,Sean,South Dakota,13,85,13,35,88
390663,Jimmy,Mariah,Rhode Island,34,89,29,94,72
893649,Eric,Sherry,Connecticut,77,26,4,58,94
311592,Kevin,David,Pennsylvania,33,26,41,50,23
822053,Lindsey,Melanie,Vermont,65,26,60,44,72
188519,Mario,Thomas,Nebraska,24,95,40,93,28
463236,Pamela,Zachary,Arkansas,97,62,100,82,53
230394,Amanda,Richard,South Carolina,68,51,7,54,7
109283,Adrian,Lance,New Hampshire,45,10,8,89,89
184596,Jason,Samuel,Massachusetts,49,100,72,92,83
479676,Carla,Paul,Alaska,94,72,50,76,19
597353,Alexander,Nicholas,Maine,24,77,13,34,10
664480,Andrew,Timothy,New York,88,15,83,93,88
512465,Miranda,Brandon,North Carolina,84,84,34,26,70
848709,Robert,Elaine,Kentucky,91,55,60,54,23
186556,Angela,Lisa,Massachusetts,16,8,38,47,2
748896,Ashley,Vincent,Connecticut,63,19,54,46,99
644972,Micheal,Jacob,Hawaii,39,11,97,40,19
517985,Kathy,Kayla,Iowa,54,38,90,46,32
700562,Billy,Andre,North Carolina,14,66,78,55,57
361271,Denise,Taylor,Virginia,94,86,44,8,37
616391,Jody,Jimmy,Mississippi,81,66,25,33,51
320145,Brooke,Amber,Florida,21,85,47,90,40
772298,Shawn,Austin,Kentucky,1,32,51,41,54
591111,Alex,Matthew,Washington,70,64,77,79,88
205685,William,Austin,Massachusetts,55,62,89,42,27
283196,Joshua,Justin,Arkansas,15,19,41,95,11
166597,Eric,Sheila,Connecticut,54,72,83,48,68
211118,Robin,Stephen,Pennsylvania,67,58,70,37,95
808574,Barbara,Loretta,Georgia,80,88,89,73,38
407579,Danielle,Kevin,Michigan,82,9,25,16,98
814390,Donald,Dalton,Iowa,74,23,67,80,21
726636,Holly,Chase,Illinois,39,64,27,96,54
607559,Kyle,Amanda,Pennsylvania,48,22,9,94,68
641256,Matthew,Richard,New Jersey,30,30,67,18,33
508531,Douglas,Robert,West Virginia,50,45,85,58,37
399909,Nicholas,Jonathan,Louisiana,89,73,38,45,21
254629,Tiffany,Kimberly,Alabama,9,95,51,85,29
866700,Anna,Jennifer,Alaska,82,75,52,38,1
523759,Leslie,Autumn,Florida,42,67,30,35,15
227607,Marc,Matthew,Oklahoma,25,43,36,1,25
577559,Jonathan,Matthew,Wisconsin,35,98,45,55,77
704884,Melissa,Jennifer,Wyoming,1,20,3,48,72
729689,Martha,Jose,Idaho,10,64,91,68,40
104836,Robert,Mark,New Jersey,71,20,39,34,83
802706,Paul,Amanda,Utah,44,26,67,82,58
101853,John,Barbara,South Dakota,51,99,91,16,8
738510,Lauren,Yvette,Kentucky,87,12,52,73,42
496831,Richard,Kimberly,Maine,58,47,7,61,68
136420,Christina,Joseph,Washington,97,78,94,93,25
259582,Kelsey,Daniel,Wisconsin,44,42,62,99,64
563642,Angela,Michele,Missouri,4,54,69,29,89
423368,Tara,Wendy,South Carolina,30,29,31,84,62
285510,Alexandra,Jose,Colorado,46,89,39,86,25
530803,Daisy,Tracie,Kansas,68,56,29,7,76
325255,Ariel,Rhonda,Missouri,52,8,5,24,79
483791,Brenda,Misty,Virginia,72,67,47,17,57
661808,Kristin,Kevin,Nevada,45,45,5,12,85
254189,Isaac,Dean,Delaware,20,52,20,39,21
608035,Brian,Martin,New Hampshire,99,100,22,89,43
343167,Mary,Tyler,Kansas,66,42,16,66,68
125324,William,Jonathan,Alaska,77,72,59,8,11
704564,David,Kimberly,Pennsylvania,35,81,3,95,40
472923,Jared,Angela,Pennsylvania,79,50,36,11,88
797214,Craig,Anthony,West Virginia,2,44,35,73,22
563520,Jessica,Justin,Oregon,79,2,81,36,46
819833,Brenda,Tina,North Carolina,85,94,13,94,81
266398,Dwayne,Sean,Oklahoma,49,30,40,14,8
690819,Fernando,Derek,North Carolina,24,51,10,90,73
243414,Alyssa,Frederick,California,7,23,97,37,85
121957,Kelsey,Meghan,Utah,88,97,37,37,52
739696,George,Henry,Arkansas,79,14,86,52,55
614815,Amanda,Wesley,New York,68,71,95,4,43
173947,Don,Robert,South Dakota,21,68,47,89,96
364854,Jennifer,Tina,Utah,84,30,17,59,37
726850,Brian,Deborah,Montana,5,78,39,69,22
729787,Christopher,Kari,Massachusetts,26,75,47,67,57
871922,Tammy,Jennifer,North Carolina,18,66,80,8,90
632394,Alex,Frank,Colorado,4,44,20,65,48
431755,Catherine,Shirley,New York,71,37,95,62,66
814700,Brandon,Julie,Kentucky,49,14,62,96,83
180829,Sara,Kyle,New Jersey,80,42,66,60,94
605816,Bobby,Angela,Indiana,25,29,42,17,19
531617,Julia,Rachel,Vermont,37,87,27,80,11
357117,Robert,Stacey,New Hampshire,50,16,90,53,16
879741,Heather,Scott,Mississippi,10,94,15,14,97
477287,Christopher,Joyce,Montana,30,88,29,76,5
729088,Jennifer,Brandy,Hawaii,60,88,26,53,11
742708,Joel,Mary,Ohio,82,88,76,53,57
603085,Morgan,Amber,Maine,50,87,65,83,90
338862,Sara,Peter,Hawaii,34,61,83,2,15
170485,Kathleen,Madison,Indiana,91,25,55,100,87
860023,Denise,Amber,Colorado,53,50,28,87,22
718781,Cassandra,Joan,Utah,75,4,9,64,93
252303,Brendan,Holly,South Dakota,47,99,61,9,68
606400,Cheryl,Robert,Georgia,31,98,54,29,47
811186,Mark,Kyle,Ohio,22,54,51,84,81
365377,Anna,Angela,New Mexico,20,71,37,87,99
611120,Michael,David,Nebraska,51,28,90,71,45
368517,Kelly,Maria,Connecticut,77,21,78,87,77
399894,Laura,Morgan,North Carolina,75,22,5,3,36
858207,Albert,Laura,Maine,47,72,19,8,94
276695,Gilbert,Bill,Nebraska,13,97,12,45,64
426237,Richard,Jesse,Michigan,46,11,27,2,61
834737,Lori,Rachel,Florida,35,97,80,74,71
791313,Jacob,Heather,Michigan,19,37,42,29,48
585643,Catherine,William,Oklahoma,67,81,77,17,13
