SellerID, First_Name, Last_Name, ontime_count, late_count, ontime_ratio
259661,Mary,Stephen,28,8,0.7778
745212,James,Samantha,31,10,0.7561
444230,Dakota,Christina,40,13,0.7547
367589,Lisa,Brooke,29,10,0.7436
497620,Justin,Amy,29,11,0.725
232924,Kelly,Michael,34,13,0.7234
435495,Thomas,Gabrielle,33,13,0.7174
845332,Christopher,Edwin,38,15,0.717
461075,Christine,Stephanie,23,10,0.697
897167,Brianna,Ryan,32,14,0.6957
257965,Daryl,Eric,32,14,0.6957
243517,Amanda,Jermaine,25,11,0.6944
206759,William,Robert,34,15,0.6939
517985,Kathy,Kayla,27,12,0.6923
229360,Grant,Emily,40,18,0.6897
545505,Gregory,Stephanie,31,14,0.6889
899922,Paul,Charles,31,14,0.6889
796844,Anna,Kimberly,37,17,0.6852
180216,Kenneth,Blake,28,13,0.6829
410276,Donna,Jeffrey,28,13,0.6829
426904,Lori,Maurice,32,15,0.6809
460697,Jacob,Nathaniel,34,16,0.68
549941,Bridget,Robert,23,11,0.6765
606400,Cheryl,Robert,23,11,0.6765
799315,Valerie,Kevin,25,12,0.6757
135771,Nicholas,Anna,25,12,0.6757
670990,David,Cole,29,14,0.6744
162161,Ashley,Kristin,31,15,0.6739
215447,Alexandria,Caleb,31,15,0.6739
419506,Jessica,Michael,24,12,0.6667
447036,Samuel,Haley,32,16,0.6667
686142,Christopher,Lucas,34,17,0.6667
139648,Anna,Zoe,40,20,0.6667
477252,Cody,Samantha,30,15,0.6667
658969,Dawn,Megan,30,15,0.6667
224144,Tiffany,Michael,32,16,0.6667
822053,Lindsey,Melanie,36,18,0.6667
661965,Margaret,Eddie,28,14,0.6667
728868,Jeffrey,Yvette,28,14,0.6667
389246,Teresa,Suzanne,33,17,0.66
560500,April,Stacey,31,16,0.6596
639402,Alan,Edgar,29,15,0.6591
738510,Lauren,Yvette,25,13,0.6579
407579,Danielle,Kevin,23,12,0.6571
479576,Andrea,Amanda,19,10,0.6552
483612,Sylvia,James,32,17,0.6531
435147,Charles,Nancy,32,17,0.6531
779434,Amanda,Matthew,28,15,0.6512
195209,Brendan,Kelly,28,15,0.6512
181205,Diana,Emily,41,22,0.6508
188519,Mario,Thomas,26,14,0.65
171390,Linda,Meagan,33,18,0.6471
383339,Kimberly,Lance,33,18,0.6471
879741,Heather,Scott,33,18,0.6471
253547,Amanda,Ashley,22,12,0.6471
692443,Joyce,Anthony,33,18,0.6471
104160,Michael,Hannah,31,17,0.6458
431743,Michael,Craig,20,11,0.6452
715658,Louis,Willie,29,16,0.6444
711127,Cindy,Brandon,29,16,0.6444
799592,Jake,Tommy,38,21,0.6441
452172,Marie,Carolyn,27,15,0.6429
665740,Yvette,Jackson,36,20,0.6429
387697,Cassandra,Thomas,27,15,0.6429
717474,Jeremy,Christopher,27,15,0.6429
708464,Amanda,Jared,34,19,0.6415
494486,David,Patrick,25,14,0.641
305014,Daniel,Cynthia,25,14,0.641
607559,Kyle,Amanda,25,14,0.641
584999,John,Kevin,25,14,0.641
382268,Kelly,Rachel,32,18,0.64
543103,Alexis,Kayla,16,9,0.64
527867,Angela,Steven,23,13,0.6389
261970,Cindy,Nathan,30,17,0.6383
270028,Amanda,Monica,30,17,0.6383
523759,Leslie,Autumn,35,20,0.6364
591405,Aaron,Lisa,28,16,0.6364
483198,Gregory,Sarah,28,16,0.6364
701003,Kent,Jonathan,28,16,0.6364
347416,Joshua,Elizabeth,35,20,0.6364
820610,Chris,Laura,33,19,0.6346
866564,Dakota,Andrew,33,19,0.6346
206457,Phillip,James,31,18,0.6327
468062,Heather,Hector,24,14,0.6316
289363,William,Melissa,24,14,0.6316
861946,Sarah,Monica,24,14,0.6316
611953,Katelyn,Kristine,29,17,0.6304
867100,Sara,Sophia,29,17,0.6304
395723,Jenna,Brian,29,17,0.6304
568112,Julie,Tamara,29,17,0.6304
548609,Amy,Nicole,29,17,0.6304
665314,Laura,Michael,29,17,0.6304
639325,Edwin,Megan,29,17,0.6304
850987,Patrick,Paul,34,20,0.6296
243414,Alyssa,Frederick,27,16,0.6279
818184,Mary,Leonard,27,16,0.6279
412750,Michael,Bonnie,27,16,0.6279
444268,Brian,Tami,27,16,0.6279
474044,David,David,27,16,0.6279
713480,Jason,Christopher,32,19,0.6275
605816,Bobby,Angela,32,19,0.6275
612031,Martin,Angela,32,19,0.6275
735742,Amy,Krystal,35,21,0.625
247045,John,David,25,15,0.625
722187,Kevin,Jessica,35,21,0.625
169219,Krystal,Kayla,30,18,0.625
584753,Jeffrey,John,25,15,0.625
283196,Joshua,Justin,30,18,0.625
444142,Rhonda,Danny,33,20,0.6226
367033,Ashlee,Hannah,33,20,0.6226
548350,Teresa,Maria,33,20,0.6226
409141,Anthony,Thomas,23,14,0.6216
743241,Stephanie,Kathryn,23,14,0.6216
713353,Danny,Christopher,31,19,0.62
266398,Dwayne,Sean,31,19,0.62
511008,Austin,David,26,16,0.619
692591,Jennifer,Scott,39,24,0.619
496458,Michael,Edward,26,16,0.619
686411,Maria,Natasha,21,13,0.6176
831612,Bradley,Thomas,21,13,0.6176
714608,Emily,Brian,29,18,0.617
848561,Laurie,Paula,29,18,0.617
422725,Roberto,John,29,18,0.617
718832,Brenda,James,29,18,0.617
729787,Christopher,Kari,24,15,0.6154
740355,Laurie,Joseph,32,20,0.6154
281449,Yvonne,Heidi,24,15,0.6154
460267,Crystal,Antonio,24,15,0.6154
507423,Chloe,Cody,32,20,0.6154
822812,Kendra,James,27,17,0.6136
726636,Holly,Chase,27,17,0.6136
226231,Diana,Anna,27,17,0.6136
108605,Valerie,Jacqueline,27,17,0.6136
736036,James,Michael,27,17,0.6136
880845,Cameron,Anthony,27,17,0.6136
367199,Austin,Justin,27,17,0.6136
241492,James,William,19,12,0.6129
135032,Andrea,Angela,30,19,0.6122
439937,Clarence,Brittany,33,21,0.6111
124387,Eric,Steven,33,21,0.6111
853813,Michael,Steven,25,16,0.6098
804659,John,Deanna,25,16,0.6098
241981,Roy,Paul,25,16,0.6098
156569,Joseph,Sean,28,18,0.6087
537726,Lindsey,Mike,28,18,0.6087
584363,Robert,Michael,28,18,0.6087
193451,Jeffrey,Jared,28,18,0.6087
729152,Seth,Ashley,28,18,0.6087
734754,Michael,Danielle,28,18,0.6087
530639,Marcus,Victoria,34,22,0.6071
116987,Thomas,Melissa,37,24,0.6066
645271,Dennis,April,20,13,0.6061
491415,Kayla,Sandra,23,15,0.6053
141426,Alexandria,Timothy,23,15,0.6053
796322,Melissa,Mary,23,15,0.6053
252303,Brendan,Holly,26,17,0.6047
791547,Terri,Christopher,26,17,0.6047
898255,Douglas,Patricia,26,17,0.6047
170485,Kathleen,Madison,26,17,0.6047
139520,Patrick,Kevin,26,17,0.6047
530237,Julie,Tanya,29,19,0.6042
688949,Benjamin,Susan,29,19,0.6042
886744,Joseph,Charles,24,16,0.6
701464,Nicholas,Donald,30,20,0.6
691345,Holly,Charles,24,16,0.6
858207,Albert,Laura,24,16,0.6
536496,Gerald,Jamie,27,18,0.6
508531,Douglas,Robert,30,20,0.6
126511,Mark,Amy,30,20,0.6
202550,Maria,Roberto,30,20,0.6
679507,Joseph,Cathy,27,18,0.6
638740,Samuel,Kelli,27,18,0.6
530902,Cheryl,Richard,30,20,0.6
777894,Charles,Christine,27,18,0.6
431621,Holly,Annette,30,20,0.6
528673,Danielle,Michele,24,16,0.6
151151,Sara,Jane,34,23,0.5965
403662,Heidi,William,34,23,0.5965
761802,Nathan,Kayla,31,21,0.5962
225272,Jonathan,Sean,31,21,0.5962
722302,Kathy,Timothy,31,21,0.5962
294678,Gina,Sharon,31,21,0.5962
309981,Sandy,Shane,28,19,0.5957
614776,Joel,Jonathan,28,19,0.5957
583741,James,Anthony,28,19,0.5957
305534,Amanda,Kelly,25,17,0.5952
398714,Cassidy,Joseph,25,17,0.5952
863872,Heather,Raymond,25,17,0.5952
207786,Justin,Dustin,25,17,0.5952
263130,Hannah,Lisa,25,17,0.5952
374240,Kevin,Mary,22,15,0.5946
477066,Megan,Victor,32,22,0.5926
880144,Emily,Patricia,29,20,0.5918
187190,Colin,Brian,29,20,0.5918
377750,Rebecca,Lorraine,26,18,0.5909
831392,Jessica,Heather,26,18,0.5909
704884,Melissa,Jennifer,26,18,0.5909
553675,Jon,Jennifer,26,18,0.5909
500386,Carlos,Timothy,23,16,0.5897
456733,Kathy,Charles,33,23,0.5893
117717,Megan,Robert,33,23,0.5893
530811,Christina,Craig,30,21,0.5882
447310,Ashley,Melissa,30,21,0.5882
518247,Susan,Darius,27,19,0.587
665342,Cynthia,Felicia,27,19,0.587
761481,Alex,Leah,27,19,0.587
182669,Tammy,Christine,24,17,0.5854
399909,Nicholas,Jonathan,24,17,0.5854
583046,Jamie,Elizabeth,24,17,0.5854
276695,Gilbert,Bill,24,17,0.5854
377621,Bradley,Claire,31,22,0.5849
887954,Helen,Danielle,38,27,0.5846
612743,Rodney,Adam,21,15,0.5833
311043,Tammy,Rebecca,21,15,0.5833
815527,Amanda,Kaitlin,21,15,0.5833
580155,Cathy,Phillip,28,20,0.5833
532701,Kaitlyn,Deborah,28,20,0.5833
699669,Julie,Aaron,28,20,0.5833
609314,Nathaniel,Kimberly,28,20,0.5833
373570,Benjamin,Gregg,28,20,0.5833
720356,Travis,Sally,21,15,0.5833
843931,Abigail,Mary,28,20,0.5833
256319,Daniel,John,32,23,0.5818
191004,Patrick,Adam,25,18,0.5814
425445,Robert,Joseph,25,18,0.5814
367087,Amy,Robert,25,18,0.5814
687597,Krista,Cynthia,25,18,0.5814
617533,Stephen,John,25,18,0.5814
448474,Dalton,Morgan,25,18,0.5814
213777,Randy,Jennifer,25,18,0.5814
674137,Jennifer,Thomas,36,26,0.5806
815079,Lori,Andrew,18,13,0.5806
392873,Matthew,Crystal,29,21,0.58
541361,Francisco,Elizabeth,22,16,0.5789
788407,Denise,James,22,16,0.5789
839580,Steven,John,22,16,0.5789
205685,William,Austin,26,19,0.5778
801732,Megan,Maureen,26,19,0.5778
571447,Chelsey,Lisa,26,19,0.5778
475337,Edward,Max,26,19,0.5778
592860,Heather,Wesley,26,19,0.5778
640097,Kaitlin,Amanda,26,19,0.5778
142308,Nicholas,Michele,26,19,0.5778
430682,Samantha,Linda,30,22,0.5769
515719,Robert,Robert,15,11,0.5769
690819,Fernando,Derek,30,22,0.5769
425992,Mark,Mckenzie,34,25,0.5763
208952,Krista,Wendy,38,28,0.5758
871922,Tammy,Jennifer,19,14,0.5758
798667,Susan,Mary,23,17,0.575
530803,Daisy,Tracie,23,17,0.575
640535,Erin,Patrick,23,17,0.575
689515,Angela,Sandra,23,17,0.575
811186,Mark,Kyle,27,20,0.5745
248392,Olivia,Curtis,27,20,0.5745
339291,Ryan,Loretta,31,23,0.5741
368528,Jennifer,Kathy,31,23,0.5741
519018,Laura,Michael,31,23,0.5741
167600,Jennifer,Katherine,31,23,0.5741
753903,Gary,James,31,23,0.5741
826645,Andrea,Mitchell,31,23,0.5741
741982,Kristin,Jason,35,26,0.5738
361271,Denise,Taylor,35,26,0.5738
276238,John,Caitlin,28,21,0.5714
184324,Justin,Angela,20,15,0.5714
578483,Sylvia,Danielle,28,21,0.5714
484284,Tina,Andrew,24,18,0.5714
404040,Brian,Robert,20,15,0.5714
620179,Sara,William,24,18,0.5714
735778,April,Jennifer,24,18,0.5714
702347,Nathan,Melanie,28,21,0.5714
108828,Kelli,Susan,20,15,0.5714
763289,Carla,Anthony,20,15,0.5714
757349,Emily,Lisa,24,18,0.5714
772298,Shawn,Austin,28,21,0.5714
783212,Michael,Christine,28,21,0.5714
525001,Brianna,Christopher,24,18,0.5714
320145,Brooke,Amber,29,22,0.5686
332665,Jake,Kimberly,29,22,0.5686
174912,Stacy,Andrea,29,22,0.5686
614810,Bradley,Cassandra,29,22,0.5686
191197,Trevor,Gail,29,22,0.5686
538589,Thomas,Mackenzie,29,22,0.5686
297127,Courtney,Scott,29,22,0.5686
369934,Marie,Nicholas,25,19,0.5682
159730,Stephanie,Austin,25,19,0.5682
814313,Diane,Tina,25,19,0.5682
192811,Teresa,Raven,25,19,0.5682
385534,Caitlin,Annette,25,19,0.5682
462495,Gabriela,Luis,25,19,0.5682
789976,Christina,Dustin,21,16,0.5676
157244,Timothy,Thomas,21,16,0.5676
478683,Bruce,Amanda,34,26,0.5667
637294,Miguel,Carlos,34,26,0.5667
134864,Michael,Jamie,30,23,0.566
428082,Steven,Daniel,30,23,0.566
285510,Alexandra,Jose,30,23,0.566
661808,Kristin,Kevin,30,23,0.566
625293,Caleb,Kimberly,30,23,0.566
833885,Kathleen,Brian,26,20,0.5652
819378,Rodney,Richard,26,20,0.5652
208237,Natasha,Phillip,26,20,0.5652
175394,Karen,Christian,26,20,0.5652
606224,Cheryl,Shelby,26,20,0.5652
791313,Jacob,Heather,26,20,0.5652
363848,Amanda,Victoria,22,17,0.5641
211118,Robin,Stephen,22,17,0.5641
295612,Matthew,Debbie,22,17,0.5641
644700,Joseph,Wendy,22,17,0.5641
115824,Victoria,Jane,22,17,0.5641
871552,Jon,Timothy,31,24,0.5636
280256,Michael,Susan,31,24,0.5636
601587,Melissa,Joseph,31,24,0.5636
504506,Austin,Katrina,27,21,0.5625
731612,Alex,Pamela,27,21,0.5625
140634,Holly,Megan,27,21,0.5625
213122,Stephanie,Robert,27,21,0.5625
122048,Douglas,Cindy,27,21,0.5625
306439,Brooke,Martin,18,14,0.5625
489073,Alejandro,Kathleen,23,18,0.561
542291,Arthur,Jennifer,23,18,0.561
863874,Kelly,Jasmine,23,18,0.561
867293,Brandon,Nicole,23,18,0.561
888958,Emily,Keith,23,18,0.561
718781,Cassandra,Joan,23,18,0.561
114745,Amanda,Mark,28,22,0.56
563129,Rhonda,Kevin,28,22,0.56
182488,Leslie,Melissa,28,22,0.56
405092,Chelsea,Anthony,28,22,0.56
474627,Paul,Samantha,19,15,0.5588
645181,Gregory,Tamara,19,15,0.5588
549793,Julie,Jonathan,24,19,0.5581
894093,Matthew,Christopher,24,19,0.5581
231655,Kristin,Andrea,24,19,0.5581
425252,Carolyn,Ralph,24,19,0.5581
390727,Seth,Dawn,24,19,0.5581
711264,Lisa,Mario,24,19,0.5581
790044,Erik,Kathy,24,19,0.5581
898137,Tina,Stuart,24,19,0.5581
116834,Tammy,James,24,19,0.5581
828906,Kevin,Jacob,24,19,0.5581
834737,Lori,Rachel,29,23,0.5577
383118,Maria,Joanna,29,23,0.5577
387883,Thomas,Alex,29,23,0.5577
272602,Matthew,Louis,20,16,0.5556
341852,Pamela,Michael,25,20,0.5556
452309,Joseph,Mitchell,20,16,0.5556
351359,Michael,Sierra,25,20,0.5556
898353,Margaret,Suzanne,30,24,0.5556
380233,Matthew,Andrew,31,25,0.5536
681444,Scott,Christopher,26,21,0.5532
479676,Carla,Paul,26,21,0.5532
514732,Cynthia,Donna,26,21,0.5532
537762,Aaron,Lisa,26,21,0.5532
445620,Samantha,Amber,26,21,0.5532
791343,Holly,Sherri,26,21,0.5532
351044,Nichole,Anthony,21,17,0.5526
230394,Amanda,Richard,32,26,0.5517
599539,Kevin,Renee,27,22,0.551
585643,Catherine,William,27,22,0.551
660920,Michelle,Diane,27,22,0.551
411781,Jennifer,Crystal,27,22,0.551
533828,Maurice,Chelsea,22,18,0.55
840110,Brenda,Tracy,33,27,0.55
881772,Megan,Elizabeth,22,18,0.55
397076,Nicole,Laura,28,23,0.549
705644,Todd,Joshua,28,23,0.549
876691,Sara,Jessica,17,14,0.5484
149362,Amber,Daniel,23,19,0.5476
354137,Mary,Katherine,23,19,0.5476
343167,Mary,Tyler,23,19,0.5476
838161,Mary,Kelly,23,19,0.5476
312564,Dylan,Miguel,23,19,0.5476
114215,Gregory,Christina,23,19,0.5476
291510,Frank,Natalie,23,19,0.5476
240160,Gina,Ann,23,19,0.5476
277604,Amy,Susan,23,19,0.5476
542420,Mary,James,23,19,0.5476
349988,Jeffrey,Kenneth,23,19,0.5476
249673,Rebecca,Eddie,23,19,0.5476
246913,Ashley,Nicole,23,19,0.5476
113126,Michael,Stephanie,29,24,0.5472
325255,Ariel,Rhonda,29,24,0.5472
479699,Tabitha,Caleb,29,24,0.5472
608983,Jonathan,Stacey,29,24,0.5472
129527,Andre,Craig,29,24,0.5472
815755,Andrew,Christopher,29,24,0.5472
742021,Vincent,Scott,24,20,0.5455
874457,Daniel,Katelyn,18,15,0.5455
184596,Jason,Samuel,24,20,0.5455
879259,Holly,Nicole,24,20,0.5455
760923,Linda,Danielle,24,20,0.5455
592219,Greg,Kristin,30,25,0.5455
539046,Eric,Beverly,24,20,0.5455
477726,Carol,Scott,24,20,0.5455
228501,Adam,Samantha,30,25,0.5455
876335,Nicolas,Eric,24,20,0.5455
587253,Paul,Anthony,31,26,0.5439
227607,Marc,Matthew,25,21,0.5435
775063,David,Derrick,25,21,0.5435
494234,Carlos,Jeffery,25,21,0.5435
410240,Joshua,Michael,25,21,0.5435
533653,Jennifer,Patricia,25,21,0.5435
829237,Mathew,Richard,25,21,0.5435
189575,Michele,Emily,25,21,0.5435
523340,Courtney,Victor,25,21,0.5435
343874,Robert,Todd,25,21,0.5435
694770,Jason,John,25,21,0.5435
662962,Joshua,Roger,25,21,0.5435
426237,Richard,Jesse,19,16,0.5429
747143,Karen,Kevin,32,27,0.5424
250716,Richard,Terri,32,27,0.5424
577581,Michael,Gina,26,22,0.5417
637367,Brooke,Tina,26,22,0.5417
442705,Noah,William,33,28,0.541
379440,Anita,Eileen,20,17,0.5405
892688,Margaret,Ricky,20,17,0.5405
180146,Kevin,Christopher,20,17,0.5405
532337,Cynthia,Jeffrey,20,17,0.5405
522086,Thomas,Renee,27,23,0.54
825656,Elizabeth,Robert,27,23,0.54
893649,Eric,Sherry,27,23,0.54
521773,Justin,Alyssa,27,23,0.54
559628,Sharon,Dakota,27,23,0.54
346721,Samuel,Anthony,27,23,0.54
750919,Megan,Martin,27,23,0.54
651198,Mike,Jennifer,27,23,0.54
428194,Brian,Kevin,27,23,0.54
572724,Leonard,Brandon,27,23,0.54
383294,Casey,Andrea,27,23,0.54
477901,Sean,Amanda,28,24,0.5385
367222,Amanda,William,21,18,0.5385
744037,James,Raymond,21,18,0.5385
669496,James,Danielle,28,24,0.5385
515482,Melissa,Jessica,28,24,0.5385
511091,Benjamin,Sabrina,28,24,0.5385
318047,Jennifer,Anthony,21,18,0.5385
878860,Jennifer,Brandon,21,18,0.5385
268441,Mary,Crystal,21,18,0.5385
856440,Jessica,Matthew,28,24,0.5385
861929,Michael,William,28,24,0.5385
602041,Brian,Amber,29,25,0.537
725101,Amy,Rachel,29,25,0.537
680386,Jeanette,Denise,22,19,0.5366
511112,Jeffrey,Connor,22,19,0.5366
508285,Corey,Ebony,22,19,0.5366
406801,James,Susan,22,19,0.5366
166597,Eric,Sheila,22,19,0.5366
805368,Danielle,Nicholas,22,19,0.5366
351929,Eric,Jason,22,19,0.5366
122118,Robert,Bethany,22,19,0.5366
835775,Adam,Thomas,22,19,0.5366
867148,Steven,Rebecca,22,19,0.5366
662544,Cristian,Rhonda,30,26,0.5357
413951,Dominique,Michael,30,26,0.5357
615684,Linda,Juan,23,20,0.5349
107886,Kristina,Susan,23,20,0.5349
266411,Terri,Richard,23,20,0.5349
478047,Frank,David,23,20,0.5349
644972,Micheal,Jacob,23,20,0.5349
492772,Todd,Rachel,23,20,0.5349
639428,Cynthia,Donald,31,27,0.5345
378489,Michael,Hannah,24,21,0.5333
632394,Alex,Frank,24,21,0.5333
603085,Morgan,Amber,24,21,0.5333
753023,Mary,Lori,24,21,0.5333
675690,Robert,Angela,24,21,0.5333
739512,Lisa,Javier,24,21,0.5333
181873,Christine,Michael,24,21,0.5333
368517,Kelly,Maria,24,21,0.5333
698737,Angela,Sonya,24,21,0.5333
104836,Robert,Mark,24,21,0.5333
356606,Renee,Bryan,24,21,0.5333
204976,Maria,Holly,24,21,0.5333
761157,John,Travis,24,21,0.5333
859481,David,Kelly,24,21,0.5333
543614,Megan,Sarah,33,29,0.5323
246325,Sean,Jason,33,29,0.5323
675515,James,Caitlin,25,22,0.5319
542790,Kristopher,Nicholas,25,22,0.5319
735964,Cynthia,Tammy,25,22,0.5319
591068,Tracey,Philip,25,22,0.5319
508783,David,Olivia,25,22,0.5319
100534,Keith,Alyssa,25,22,0.5319
581106,Margaret,Jennifer,17,15,0.5313
608035,Brian,Martin,17,15,0.5313
658606,Luke,Lauren,26,23,0.5306
779333,Sharon,Brandon,26,23,0.5306
762859,Sean,Ashley,26,23,0.5306
174294,Mary,Valerie,26,23,0.5306
783623,Jodi,Teresa,18,16,0.5294
568441,John,Carolyn,27,24,0.5294
851926,Michael,Cynthia,27,24,0.5294
235040,Christina,Sean,27,24,0.5294
401642,Tracey,Elizabeth,27,24,0.5294
814700,Brandon,Julie,36,32,0.5294
778906,Charles,Ashley,28,25,0.5283
358561,Jeffrey,Joshua,28,25,0.5283
767483,Cynthia,Timothy,29,26,0.5273
247237,Abigail,Alexis,29,26,0.5273
419948,Edward,Jeremy,20,18,0.5263
524774,Samuel,Aaron,20,18,0.5263
680169,Fred,Dwayne,30,27,0.5263
707271,James,Michael,20,18,0.5263
479909,Jessica,Anthony,20,18,0.5263
167627,Matthew,Erica,31,28,0.5254
563521,Chelsea,Brandon,21,19,0.525
143323,Joshua,Sean,21,19,0.525
742708,Joel,Mary,21,19,0.525
885657,Samuel,Steven,21,19,0.525
421120,Latasha,Cindy,21,19,0.525
399894,Laura,Morgan,21,19,0.525
178772,Brittney,Rachael,32,29,0.5246
216124,Chris,Daniel,22,20,0.5238
808255,Sandra,Rachel,22,20,0.5238
122945,Michelle,Debra,22,20,0.5238
577043,Laura,Lindsey,22,20,0.5238
848709,Robert,Elaine,22,20,0.5238
392486,Donald,Alec,22,20,0.5238
668871,Jim,Melanie,22,20,0.5238
352825,Ashley,Julie,22,20,0.5238
869508,Lisa,Cathy,23,21,0.5227
702686,Holly,Jennifer,23,21,0.5227
495215,Daniel,Lisa,23,21,0.5227
449141,Vicki,Richard,23,21,0.5227
564771,Daniel,Shawn,23,21,0.5227
284634,Bradley,Theresa,23,21,0.5227
280960,Michael,Jasmine,23,21,0.5227
584326,Joe,Diane,23,21,0.5227
125324,William,Jonathan,23,21,0.5227
631447,Dana,James,23,21,0.5227
817386,Robert,Emily,24,22,0.5217
273840,Jon,Teresa,24,22,0.5217
808191,Nathan,Janice,25,23,0.5208
763608,Melissa,Michelle,25,23,0.5208
702628,Matthew,Rebecca,25,23,0.5208
302187,Sarah,Tina,26,24,0.52
256102,Victoria,Gina,26,24,0.52
738675,Donna,James,26,24,0.52
185235,William,Russell,26,24,0.52
814390,Donald,Dalton,27,25,0.5192
111742,Candice,Scott,27,25,0.5192
152585,Danny,Matthew,27,25,0.5192
194418,Alexander,Ryan,27,25,0.5192
611120,Michael,David,27,25,0.5192
683180,Derrick,Justin,27,25,0.5192
165002,Kevin,Jill,14,13,0.5185
364854,Jennifer,Tina,28,26,0.5185
623808,Bethany,Charles,28,26,0.5185
590405,Matthew,Zachary,29,27,0.5179
321227,Brad,Michael,30,28,0.5172
708057,Michael,Heather,15,14,0.5172
563366,John,Kaitlyn,30,28,0.5172
201741,Linda,Sara,31,29,0.5167
338862,Sara,Peter,31,29,0.5167
259909,Mike,Summer,16,15,0.5161
209136,Michael,Jonathan,16,15,0.5161
610681,Jonathan,Janet,33,31,0.5156
762821,Gina,Felicia,17,16,0.5152
559376,Mary,Kimberly,17,16,0.5152
354631,Robin,Brian,17,16,0.5152
390663,Jimmy,Mariah,18,17,0.5143
538719,Amy,Andrew,19,18,0.5135
219029,Deborah,John,19,18,0.5135
113405,Richard,Bruce,20,19,0.5128
598534,Nancy,Frank,20,19,0.5128
645704,Nicholas,Michael,20,19,0.5128
677643,Yvonne,Kari,21,20,0.5122
212808,Christian,James,21,20,0.5122
729131,Brenda,Gregory,21,20,0.5122
101853,John,Barbara,22,21,0.5116
586488,John,Sara,22,21,0.5116
156249,Jessica,Adam,22,21,0.5116
892603,Randall,Marcus,22,21,0.5116
579382,Stephanie,Bonnie,22,21,0.5116
886550,Hailey,Zachary,22,21,0.5116
897753,Dylan,Michael,22,21,0.5116
626390,Tara,Donna,23,22,0.5111
563520,Jessica,Justin,23,22,0.5111
805982,Brittany,Tammy,23,22,0.5111
646288,Matthew,Danielle,23,22,0.5111
512465,Miranda,Brandon,23,22,0.5111
220809,Crystal,Elizabeth,23,22,0.5111
474402,Michele,Amber,23,22,0.5111
792187,Jonathan,Matthew,24,23,0.5106
491786,William,Lisa,24,23,0.5106
365377,Anna,Angela,24,23,0.5106
701108,Henry,Kenneth,24,23,0.5106
584343,Denise,Charles,24,23,0.5106
492872,William,Mark,24,23,0.5106
577512,Melissa,Robert,24,23,0.5106
101182,Cory,Robert,24,23,0.5106
626762,Daniel,Nicholas,25,24,0.5102
797214,Craig,Anthony,25,24,0.5102
666023,Gerald,Nichole,25,24,0.5102
667148,Brian,David,25,24,0.5102
436770,Justin,Debra,25,24,0.5102
759991,Tara,Jason,25,24,0.5102
233758,Elizabeth,Bryan,26,25,0.5098
248550,Kelli,Danny,26,25,0.5098
320773,Margaret,Colton,26,25,0.5098
508877,Donna,Kim,26,25,0.5098
226172,Amanda,Shirley,26,25,0.5098
860544,Diana,Kelli,26,25,0.5098
110341,Jessica,Brad,26,25,0.5098
483248,Tricia,Travis,27,26,0.5094
342834,Lori,Donald,28,27,0.5091
571236,Danielle,Kevin,28,27,0.5091
472923,Jared,Angela,29,28,0.5088
812835,Erin,Ashley,29,28,0.5088
733317,Paul,Emma,33,32,0.5077
242964,Richard,Michelle,22,22,0.5
339347,Alexis,Lindsey,26,26,0.5
207401,Diana,Daniel,25,25,0.5
760689,Nancy,Mark,19,19,0.5
752389,Jonathon,Luis,21,21,0.5
792562,John,James,20,20,0.5
764174,Ryan,Nicholas,23,23,0.5
512751,Jared,Sarah,25,25,0.5
614815,Amanda,Wesley,22,22,0.5
349811,Tina,Cory,18,18,0.5
642629,Cheryl,Samantha,22,22,0.5
635020,Christina,Mary,22,22,0.5
241825,Michael,Christopher,24,24,0.5
891292,Justin,Leslie,23,23,0.5
463236,Pamela,Zachary,27,27,0.5
142154,Jenny,Ryan,20,20,0.5
349906,Jared,Rebecca,16,16,0.5
603186,Andrew,Bruce,27,27,0.5
641256,Matthew,Richard,22,22,0.5
181096,Derek,Shane,24,24,0.5
340185,Gary,Thomas,22,22,0.5
175518,Kimberly,Steven,29,29,0.5
705773,William,Pam,23,23,0.5
156547,Stephanie,Elizabeth,20,20,0.5
834469,Benjamin,Matthew,24,24,0.5
256412,Richard,Kimberly,23,23,0.5
170600,Aaron,Emily,22,22,0.5
469051,Molly,Dustin,22,22,0.5
433723,David,Jane,17,17,0.5
447781,Chloe,Nicole,19,19,0.5
273110,Jon,Elizabeth,30,30,0.5
143130,Ashley,Robert,24,24,0.5
382419,Jeremy,Sierra,25,25,0.5
898958,Jose,Robert,25,25,0.5
173947,Don,Robert,23,23,0.5
670260,James,Jacqueline,25,25,0.5
257620,Victoria,Elizabeth,26,26,0.5
760210,Sheila,Peter,20,20,0.5
768955,Andrea,John,18,18,0.5
673183,Brandon,Brian,15,15,0.5
796959,Michael,Ashley,22,22,0.5
316808,Latoya,Amanda,21,21,0.5
108585,Timothy,Alan,25,25,0.5
230719,Michael,James,24,24,0.5
851742,Johnny,Patricia,27,27,0.5
260562,Lisa,Gregory,26,26,0.5
111347,Christine,Johnathan,25,25,0.5
841960,Catherine,Cody,30,30,0.5
634465,Donald,Cole,29,29,0.5
267481,Samuel,Michael,25,25,0.5
705237,Shirley,Andrew,22,22,0.5
471812,Daniel,Kelly,23,23,0.5
400526,Gloria,Trevor,18,18,0.5
105701,Diane,Vernon,19,19,0.5
501747,Alicia,John,19,19,0.5
369108,Mallory,John,21,21,0.5
258247,Jacqueline,Renee,27,28,0.4909
867851,Erika,Sheri,27,28,0.4909
143505,Adam,Anthony,26,27,0.4906
220536,Stanley,Michael,26,27,0.4906
589382,Corey,David,26,27,0.4906
599963,Sharon,Beth,25,26,0.4902
529286,Thomas,Olivia,24,25,0.4898
871084,Jennifer,Jeffery,24,25,0.4898
483791,Brenda,Misty,24,25,0.4898
117594,Kristina,Nathan,23,24,0.4894
870382,John,Billy,23,24,0.4894
230339,Daniel,Amy,23,24,0.4894
646135,Warren,Melissa,23,24,0.4894
824519,Katie,Samantha,22,23,0.4889
357117,Robert,Stacey,22,23,0.4889
154612,Carolyn,Jamie,22,23,0.4889
726647,Lisa,Victor,22,23,0.4889
228475,Melissa,Ronald,22,23,0.4889
240025,Mary,Virginia,22,23,0.4889
431755,Catherine,Shirley,22,23,0.4889
591111,Alex,Matthew,21,22,0.4884
559150,Matthew,Ryan,21,22,0.4884
607351,Mindy,Daniel,21,22,0.4884
682069,Ronald,Meghan,21,22,0.4884
672051,Lisa,Joe,21,22,0.4884
802706,Paul,Amanda,21,22,0.4884
502468,Christopher,Steven,21,22,0.4884
879736,Benjamin,Steven,20,21,0.4878
789234,Stephanie,Zachary,20,21,0.4878
785933,Sherry,Jennifer,20,21,0.4878
228918,Mary,Sara,20,21,0.4878
581301,Pamela,Pamela,20,21,0.4878
623854,Jeremy,Jeremy,20,21,0.4878
773663,Nicole,Amber,19,20,0.4872
184536,Kelly,Christopher,19,20,0.4872
445540,William,Jessica,18,19,0.4865
602234,Andrea,Kenneth,18,19,0.4865
722551,Shawn,Jennifer,18,19,0.4865
445983,Brady,Melissa,17,18,0.4857
478627,Albert,Audrey,17,18,0.4857
218578,Jessica,Randall,17,18,0.4857
286607,Paul,Danny,16,17,0.4848
523806,Ronald,Joe,30,32,0.4839
259582,Kelsey,Daniel,14,15,0.4828
209860,Barbara,Jeffrey,14,15,0.4828
179230,Joseph,Kristin,26,28,0.4815
452939,Michael,Erin,26,28,0.4815
201795,Cindy,Sylvia,26,28,0.4815
319567,Emily,Denise,26,28,0.4815
165790,Gabriel,Mike,26,28,0.4815
820876,Nichole,Hannah,26,28,0.4815
786946,Mark,Autumn,26,28,0.4815
123451,Luke,Mark,25,27,0.4808
430518,Melissa,Matthew,25,27,0.4808
324221,Logan,Katherine,24,26,0.48
642375,Katherine,Autumn,24,26,0.48
870072,Jade,Donald,24,26,0.48
374527,Gabriel,Rachel,24,26,0.48
651589,Jenna,Hannah,24,26,0.48
656515,Joshua,Ashley,23,25,0.4792
616391,Jody,Jimmy,23,25,0.4792
356637,Benjamin,Kevin,23,25,0.4792
617910,Shane,Andrew,23,25,0.4792
208271,Michael,Jeffery,23,25,0.4792
326998,Michael,Jack,23,25,0.4792
865781,Bruce,Matthew,22,24,0.4783
208522,Ashlee,Stephen,22,24,0.4783
165087,Louis,Ana,22,24,0.4783
688744,Tony,Michael,22,24,0.4783
519372,Robert,Allison,22,24,0.4783
338728,Sean,Nichole,22,24,0.4783
312819,Lisa,Anna,22,24,0.4783
536690,Michael,Beth,22,24,0.4783
422012,Kathryn,Brandy,21,23,0.4773
255180,Kelly,George,21,23,0.4773
895637,Larry,Nicole,21,23,0.4773
630946,Alicia,Tammy,21,23,0.4773
459678,Thomas,Mary,21,23,0.4773
461682,Richard,David,21,23,0.4773
486085,Cameron,Joseph,21,23,0.4773
777530,Autumn,Alexis,20,22,0.4762
835291,Wesley,Robert,20,22,0.4762
739696,George,Henry,20,22,0.4762
820666,Alan,Bradley,20,22,0.4762
240557,Scott,Melissa,20,22,0.4762
158620,Amanda,Lawrence,20,22,0.4762
396701,Mikayla,Anita,30,33,0.4762
311592,Kevin,David,20,22,0.4762
846160,Angela,Jamie,19,21,0.475
683514,Jennifer,Lisa,19,21,0.475
406108,Tina,Joseph,19,21,0.475
435102,Daniel,Richard,19,21,0.475
729689,Martha,Jose,28,31,0.4746
258199,Steve,Thomas,27,30,0.4737
700562,Billy,Andre,18,20,0.4737
704564,David,Kimberly,27,30,0.4737
415876,Nicole,Omar,18,20,0.4737
614988,Tanya,Yolanda,18,20,0.4737
192597,Jennifer,Jennifer,27,30,0.4737
510483,Andrew,Erica,26,29,0.4727
564836,Christopher,Robert,26,29,0.4727
321725,Zachary,Linda,17,19,0.4722
397827,James,Ashley,17,19,0.4722
728933,Cynthia,Amy,17,19,0.4722
580871,Hannah,Bianca,17,19,0.4722
439821,Manuel,Jessica,25,28,0.4717
181201,Lisa,Rachel,25,28,0.4717
729088,Jennifer,Brandy,25,28,0.4717
623626,Robert,Jodi,16,18,0.4706
402389,Daniel,Lindsay,24,27,0.4706
134156,Bryan,Brittany,23,26,0.4694
239770,Theresa,Karen,23,26,0.4694
688728,Curtis,Michael,23,26,0.4694
520171,Kevin,James,23,26,0.4694
551318,Christopher,John,23,26,0.4694
789044,Seth,Stephanie,23,26,0.4694
100249,Anne,Jamie,23,26,0.4694
644424,William,April,22,25,0.4681
263079,Duane,Shannon,22,25,0.4681
804360,Cynthia,Jason,22,25,0.4681
427573,Allen,Tiffany,22,25,0.4681
518751,Stephanie,Judith,14,16,0.4667
777503,Jeremy,Steve,21,24,0.4667
703380,Brianna,Michelle,21,24,0.4667
184639,Sharon,Misty,21,24,0.4667
244297,Jessica,Kimberly,21,24,0.4667
531174,Shannon,Mary,21,24,0.4667
180420,Timothy,Christopher,27,31,0.4655
653605,Ana,Rose,27,31,0.4655
775018,Adam,Riley,20,23,0.4651
110181,Andrew,Michael,20,23,0.4651
720550,Leslie,Michael,26,30,0.4643
635397,Tony,Cesar,26,30,0.4643
149360,Kimberly,Tara,19,22,0.4634
294802,Timothy,Nicholas,19,22,0.4634
208825,Cynthia,Heather,19,22,0.4634
456789,Kathleen,Frank,25,29,0.463
685079,Kelly,Victoria,31,36,0.4627
310412,Jessica,Jack,24,28,0.4615
719825,Richard,Wayne,18,21,0.4615
707740,Mitchell,Chelsea,18,21,0.4615
586880,Paul,Sally,18,21,0.4615
776411,Sarah,David,18,21,0.4615
191665,Sarah,Angela,23,27,0.46
254629,Tiffany,Kimberly,23,27,0.46
374961,Maria,Jerome,23,27,0.46
237096,Meagan,Jessica,22,26,0.4583
352623,Dennis,Catherine,22,26,0.4583
819734,Diane,Brian,22,26,0.4583
634978,Kathryn,Kaylee,22,26,0.4583
840529,Melanie,Chelsea,27,32,0.4576
712372,Brandon,Phillip,21,25,0.4565
345446,Carla,Jessica,21,25,0.4565
401030,Stephen,Madison,21,25,0.4565
644841,Austin,Gregory,26,31,0.4561
313415,Michael,Adrienne,25,30,0.4545
239737,Natalie,Emily,20,24,0.4545
182847,Melissa,Kelly,20,24,0.4545
558835,William,James,25,30,0.4545
799899,James,Raymond,20,24,0.4545
731112,Kendra,Evelyn,20,24,0.4545
326689,Jamie,Jeffrey,24,29,0.4528
127693,Adrian,Dana,24,29,0.4528
664480,Andrew,Timothy,24,29,0.4528
791403,Robert,Tiffany,19,23,0.4524
764749,Shannon,Emma,19,23,0.4524
516335,Edward,Jeremy,19,23,0.4524
404020,Aaron,Mark,19,23,0.4524
240415,Jeffrey,Jessica,19,23,0.4524
505415,Carmen,Julie,19,23,0.4524
768511,Thomas,Glenn,19,23,0.4524
804720,Donna,Christopher,23,28,0.451
337414,Robert,Michael,23,28,0.451
158573,Christina,William,23,28,0.451
183380,Emily,Debbie,27,33,0.45
547164,Ashley,Anne,18,22,0.45
324797,Stephen,Natalie,22,27,0.449
745789,Yvette,Daisy,22,27,0.449
865172,Ashley,Nicole,22,27,0.449
135307,Michael,Alyssa,22,27,0.449
145978,Brian,Jamie,17,21,0.4474
587034,Tamara,Laura,17,21,0.4474
752771,Randy,Michael,21,26,0.4468
169293,Patricia,Derek,21,26,0.4468
560523,Sara,Thomas,21,26,0.4468
535474,Martin,Jacob,21,26,0.4468
389873,Donald,Veronica,24,30,0.4444
212026,David,Paul,20,25,0.4444
272421,Jose,Randy,20,25,0.4444
121957,Kelsey,Meghan,20,25,0.4444
441973,Brittany,William,16,20,0.4444
726850,Brian,Deborah,20,25,0.4444
516428,Teresa,Monica,23,29,0.4423
452780,Kelly,Janet,19,24,0.4419
803477,Dwayne,Kevin,22,28,0.44
408543,Michael,Rhonda,22,28,0.44
305289,Kevin,Denise,18,23,0.439
689227,Brian,Mary,18,23,0.439
565616,Christopher,Tracey,18,23,0.439
162823,Cassandra,Christina,18,23,0.439
582147,Jeffery,Kendra,25,32,0.4386
113477,Fernando,Brandi,21,27,0.4375
496592,Denise,Rebecca,21,27,0.4375
496831,Richard,Kimberly,21,27,0.4375
142314,Timothy,Lindsay,17,22,0.4359
379652,Laura,Dawn,20,26,0.4348
484750,Timothy,Frederick,20,26,0.4348
374703,Paul,Jose,23,30,0.434
629044,Daniel,Thomas,23,30,0.434
746241,Travis,Benjamin,19,25,0.4318
554656,James,Richard,19,25,0.4318
404864,Robert,John,22,29,0.4314
136420,Christina,Joseph,22,29,0.4314
398008,Grant,William,22,29,0.4314
254189,Isaac,Dean,28,37,0.4308
409118,Joel,Jamie,18,24,0.4286
648646,Madeline,Austin,15,20,0.4286
370444,Angela,Jane,18,24,0.4286
423368,Tara,Wendy,18,24,0.4286
768903,Jacob,Sandra,21,28,0.4286
304245,William,Rachel,21,28,0.4286
251750,Janet,Ricky,21,28,0.4286
503043,Michael,Brian,26,35,0.4262
612593,April,Sandra,23,31,0.4259
572562,Kyle,Virginia,20,27,0.4255
440657,Melissa,Jennifer,20,27,0.4255
646860,Kelsey,William,20,27,0.4255
383952,Sheila,Sarah,20,27,0.4255
519038,Allison,Francisco,17,23,0.425
265810,Sean,Karen,14,19,0.4242
591105,Joy,Gregory,22,30,0.4231
804456,Glenn,Daniel,22,30,0.4231
889410,Bobby,Charles,19,26,0.4222
451058,Eddie,Julie,16,22,0.4211
159288,Rose,Joseph,16,22,0.4211
412206,Stephen,Michael,24,33,0.4211
866700,Anna,Jennifer,21,29,0.42
789658,Melissa,Danny,18,25,0.4186
539702,Kathryn,Christine,18,25,0.4186
444241,Christopher,Jennifer,18,25,0.4186
765939,Candace,David,18,25,0.4186
601044,Daniel,Walter,20,28,0.4167
620251,Ryan,Jose,20,28,0.4167
587174,Ricky,Robert,25,35,0.4167
529048,Pamela,Kristina,20,28,0.4167
503174,Roger,Jessica,15,21,0.4167
282378,Brent,Brian,22,31,0.4151
855258,Elizabeth,Anthony,17,24,0.4146
191401,Charles,Jeremy,17,24,0.4146
241703,Ronald,Cindy,21,30,0.4118
868696,Zachary,Jonathan,21,30,0.4118
769230,Amanda,Kristy,21,30,0.4118
117281,Pamela,Frank,14,20,0.4118
477287,Christopher,Joyce,18,26,0.4091
631971,Alicia,Cynthia,18,26,0.4091
663033,Nancy,Roger,18,26,0.4091
278437,Sarah,Katelyn,18,26,0.4091
629566,Jeffrey,Haley,22,32,0.4074
174493,Pamela,Rebecca,13,19,0.4063
844261,Lisa,Robert,15,22,0.4054
430111,Michelle,Robert,15,22,0.4054
471445,Tamara,Michael,17,25,0.4048
709403,Michael,Jody,19,28,0.4043
823332,Cristian,Ryan,19,28,0.4043
626661,Amanda,Anthony,16,24,0.4
472064,Rebecca,Robert,14,21,0.4
392379,Jody,Amy,16,24,0.4
860023,Denise,Amber,18,27,0.4
283535,Teresa,Ethan,22,33,0.4
212616,Peter,Stephanie,18,27,0.4
616464,Zachary,Andrew,18,27,0.4
563642,Angela,Michele,18,27,0.4
785238,Angela,Samantha,18,27,0.4
633174,Nicole,Richard,18,27,0.4
865018,James,William,21,32,0.3962
785577,Tony,Teresa,19,29,0.3958
572902,Andrew,John,17,26,0.3953
398943,Kevin,Joseph,22,34,0.3929
109283,Adrian,Lance,20,31,0.3922
832979,Nicole,William,20,31,0.3922
225465,Deanna,Randy,16,25,0.3902
531617,Julia,Rachel,19,30,0.3878
139137,Courtney,Thomas,17,27,0.3864
888396,James,Edward,17,27,0.3864
333753,Karla,Jennifer,15,24,0.3846
808574,Barbara,Loretta,15,24,0.3846
343978,Michael,Jennifer,13,21,0.3824
797185,Danny,Sean,19,31,0.38
678587,Debbie,Amanda,14,23,0.3784
334923,Jacqueline,Bradley,14,23,0.3784
631524,James,Joshua,21,35,0.375
678353,Laura,Melissa,18,30,0.375
114030,Kathleen,Johnny,19,32,0.3725
742577,David,Alyssa,16,27,0.3721
689289,Curtis,Lisa,16,27,0.3721
625470,Sarah,Stephen,17,29,0.3696
561333,Barbara,Antonio,21,36,0.3684
828392,Chad,Tonya,18,31,0.3673
523477,Thomas,Shannon,11,19,0.3667
565944,Ernest,Cody,15,26,0.3659
899037,Michele,Sheila,12,21,0.3636
577559,Jonathan,Matthew,13,23,0.3611
324239,Robert,Shannon,22,39,0.3607
417062,John,Mark,15,27,0.3571
838183,Jessica,Stacey,16,29,0.3556
631944,Jessica,Virginia,18,33,0.3529
819833,Brenda,Tina,17,32,0.3469
597353,Alexander,Nicholas,17,32,0.3469
180829,Sara,Kyle,12,23,0.3429
126763,Bonnie,Jack,16,31,0.3404
728834,Carol,Christina,14,28,0.3333
715626,Danielle,Samuel,12,25,0.3243
138426,Andrew,Sharon,12,25,0.3243
166360,Stephen,Desiree,11,23,0.3235
175057,Briana,Kimberly,16,34,0.32
843117,Anthony,Ryan,14,30,0.3182
368107,Adrian,David,13,28,0.3171
692032,Alex,Michael,12,28,0.3
186556,Angela,Lisa,14,33,0.2979
439306,Lawrence,Nicholas,12,30,0.2857
748896,Ashley,Vincent,16,42,0.2759
